<?xml version = '1.0' encoding = 'UTF-8'?>
<Table class="oracle.dbtools.crest.model.design.relational.Table" directorySegmentName="seg_0" id="833D0A95-43B9-D352-8238-BE20A9827F46" name="Ticket_Type">
<createdBy>OmaShu</createdBy>
<createdTime>2019-12-13 05:32:23 UTC</createdTime>
<generatorID>9F521FED-2234-C9F2-1381-3F06E39B7CFB</generatorID>
<ownerDesignName>scm_jc13758322</ownerDesignName>
<allowColumnReorder>false</allowColumnReorder>
<existDependencyGenerateInDDl>true</existDependencyGenerateInDDl>
<parsed>true</parsed>
<columns itemClass="oracle.dbtools.crest.model.design.relational.Column">
<Column name="t_type_id" id="6D31D378-F355-16C8-9117-509DE5DF0E31">
<createdBy>OmaShu</createdBy>
<createdTime>2019-12-13 05:32:23 UTC</createdTime>
<generatorID>3725846B-B3A6-5E8F-322B-CFC86C8E4612</generatorID>
<ownerDesignName>scm_jc13758322</ownerDesignName>
<useDomainConstraints>false</useDomainConstraints>
<use>1</use>
<logicalDatatype>LOGDT019</logicalDatatype>
<dataTypePrecision>1</dataTypePrecision>
<ownDataTypeParameters>,1,</ownDataTypeParameters>
<autoIncrementCycle>false</autoIncrementCycle>
</Column>
<Column name="t_type" id="96A2AF4E-2371-4657-9626-B1B540149626">
<createdBy>OmaShu</createdBy>
<createdTime>2019-12-13 05:32:23 UTC</createdTime>
<generatorID>0CE49DCA-197A-5476-62F3-F40CB6533E96</generatorID>
<ownerDesignName>scm_jc13758322</ownerDesignName>
<useDomainConstraints>false</useDomainConstraints>
<use>1</use>
<logicalDatatype>LOGDT024</logicalDatatype>
<dataTypeSize>20</dataTypeSize>
<ownDataTypeParameters>20,,</ownDataTypeParameters>
<autoIncrementCycle>false</autoIncrementCycle>
</Column>
<Column name="t_type_price" id="BB49124D-DE84-B56E-5821-EA125982350E">
<createdBy>OmaShu</createdBy>
<createdTime>2019-12-13 05:32:23 UTC</createdTime>
<generatorID>09672AC7-63F2-B040-625C-D807C59F82DC</generatorID>
<ownerDesignName>scm_jc13758322</ownerDesignName>
<useDomainConstraints>false</useDomainConstraints>
<use>1</use>
<logicalDatatype>LOGDT019</logicalDatatype>
<dataTypePrecision>4</dataTypePrecision>
<dataTypeScale>2</dataTypeScale>
<ownDataTypeParameters>,4,2</ownDataTypeParameters>
<autoIncrementCycle>false</autoIncrementCycle>
</Column>
<Column name="t_type_start_date" id="02C5AB45-57EA-14E0-3E99-1F0A3DF3030E">
<createdBy>OmaShu</createdBy>
<createdTime>2019-12-13 05:32:23 UTC</createdTime>
<generatorID>203C64E1-5996-559E-D78D-7E21964C5C08</generatorID>
<ownerDesignName>scm_jc13758322</ownerDesignName>
<useDomainConstraints>false</useDomainConstraints>
<use>1</use>
<logicalDatatype>LOGDT007</logicalDatatype>
<ownDataTypeParameters>,,</ownDataTypeParameters>
<autoIncrementCycle>false</autoIncrementCycle>
</Column>
<Column name="t_type_end_date" id="9EF99DEE-A3B6-59AD-2197-C59BBBF47103">
<createdBy>OmaShu</createdBy>
<createdTime>2019-12-13 05:32:23 UTC</createdTime>
<generatorID>1AB55DA3-22C6-1937-0C0C-7FED4F2D3C5C</generatorID>
<ownerDesignName>scm_jc13758322</ownerDesignName>
<nullsAllowed>true</nullsAllowed>
<useDomainConstraints>false</useDomainConstraints>
<use>1</use>
<logicalDatatype>LOGDT007</logicalDatatype>
<ownDataTypeParameters>,,</ownDataTypeParameters>
<autoIncrementCycle>false</autoIncrementCycle>
</Column>
</columns>
<indexes itemClass="oracle.dbtools.crest.model.design.relational.Index">
<ind_PK_UK id="847A8C7C-BF65-15B2-4C87-969ABD9859A5" name="Ticket_Type_PK">
<createdBy>OmaShu</createdBy>
<createdTime>2019-12-13 05:32:23 UTC</createdTime>
<generatorID>4F6A99D8-F4C7-6192-2702-584242FA8C68</generatorID>
<ownerDesignName>scm_jc13758322</ownerDesignName>
<pk>true</pk>
<indexState>Primary Constraint</indexState>
<isSurrogateKey>false</isSurrogateKey>
<indexColumnUsage>
<colUsage columnID="6D31D378-F355-16C8-9117-509DE5DF0E31"/>
</indexColumnUsage>
</ind_PK_UK>
</indexes>
</Table>