<?xml version = '1.0' encoding = 'UTF-8'?>
<Table class="oracle.dbtools.crest.model.design.relational.Table" directorySegmentName="seg_0" id="A035C998-DFEF-8A8F-86B5-F59CD456E813" name="Ticket">
<createdBy>OmaShu</createdBy>
<createdTime>2019-12-13 05:32:23 UTC</createdTime>
<generatorID>234101CD-C523-199F-090C-3C6D50088414</generatorID>
<ownerDesignName>scm_jc13758322</ownerDesignName>
<allowColumnReorder>false</allowColumnReorder>
<existDependencyGenerateInDDl>true</existDependencyGenerateInDDl>
<parsed>true</parsed>
<columns itemClass="oracle.dbtools.crest.model.design.relational.Column">
<Column name="ticket_id" id="AA634BA4-2C77-EA94-0F33-96FDDDB752C4">
<createdBy>OmaShu</createdBy>
<createdTime>2019-12-13 05:32:23 UTC</createdTime>
<generatorID>29C6B798-C776-B2D5-DADE-4B4E82093A4A</generatorID>
<ownerDesignName>scm_jc13758322</ownerDesignName>
<useDomainConstraints>false</useDomainConstraints>
<use>1</use>
<logicalDatatype>LOGDT019</logicalDatatype>
<dataTypePrecision>8</dataTypePrecision>
<ownDataTypeParameters>,8,</ownDataTypeParameters>
<autoIncrementCycle>false</autoIncrementCycle>
</Column>
<Column name="ticket_date" id="04A33947-9232-B371-3C41-0536E8AEC58E">
<createdBy>OmaShu</createdBy>
<createdTime>2019-12-13 05:32:23 UTC</createdTime>
<generatorID>7932276D-A56D-A305-DDAB-EFEBA0BA117E</generatorID>
<ownerDesignName>scm_jc13758322</ownerDesignName>
<useDomainConstraints>false</useDomainConstraints>
<use>1</use>
<logicalDatatype>LOGDT007</logicalDatatype>
<ownDataTypeParameters>,,</ownDataTypeParameters>
<autoIncrementCycle>false</autoIncrementCycle>
</Column>
<Column name="screening_id" id="F77211A2-FD1C-830D-163D-6B8F0B3A8D33">
<createdBy>OmaShu</createdBy>
<createdTime>2019-12-13 05:32:23 UTC</createdTime>
<generatorID>D1027F46-CC95-56EE-280C-28CC25F8DF3D</generatorID>
<ownerDesignName>scm_jc13758322</ownerDesignName>
<useDomainConstraints>false</useDomainConstraints>
<use>1</use>
<logicalDatatype>LOGDT019</logicalDatatype>
<dataTypePrecision>6</dataTypePrecision>
<ownDataTypeParameters>,,</ownDataTypeParameters>
<previousColumn>false</previousColumn>
<autoIncrementCycle>false</autoIncrementCycle>
<associations>
<colAssociation fkAssociation="6F0A068A-82FE-9570-A8FE-F3C7C9407660" referredColumn="432DC45F-D3D7-A47B-7516-4F9EBE70C251"/>
</associations>
</Column>
<Column name="t_type_id" id="15570B9A-6D77-DEE3-735D-52845CCD2690">
<createdBy>OmaShu</createdBy>
<createdTime>2019-12-13 05:32:23 UTC</createdTime>
<generatorID>88D8F093-B8A4-E826-8BF1-A24E39E88A6E</generatorID>
<ownerDesignName>scm_jc13758322</ownerDesignName>
<useDomainConstraints>false</useDomainConstraints>
<use>1</use>
<logicalDatatype>LOGDT019</logicalDatatype>
<dataTypePrecision>1</dataTypePrecision>
<ownDataTypeParameters>,,</ownDataTypeParameters>
<previousColumn>false</previousColumn>
<autoIncrementCycle>false</autoIncrementCycle>
<associations>
<colAssociation fkAssociation="90E02FCC-47C4-4DB0-7CF8-56374CE093DA" referredColumn="6D31D378-F355-16C8-9117-509DE5DF0E31"/>
</associations>
</Column>
<Column name="seat_id" id="A90F49D7-23A4-5AC4-6E37-FDDA2B73B408">
<createdBy>OmaShu</createdBy>
<createdTime>2019-12-13 05:32:23 UTC</createdTime>
<generatorID>1C9453C8-3965-3591-578C-34360E5250CD</generatorID>
<ownerDesignName>scm_jc13758322</ownerDesignName>
<useDomainConstraints>false</useDomainConstraints>
<use>1</use>
<logicalDatatype>LOGDT019</logicalDatatype>
<dataTypePrecision>5</dataTypePrecision>
<ownDataTypeParameters>,,</ownDataTypeParameters>
<previousColumn>false</previousColumn>
<autoIncrementCycle>false</autoIncrementCycle>
<associations>
<colAssociation fkAssociation="35D8FCA0-9717-362D-FC4D-8C566CEF3BF7" referredColumn="0E9D4B7C-856B-BA39-76FF-4D9AA7AC2832"/>
</associations>
</Column>
</columns>
<indexes itemClass="oracle.dbtools.crest.model.design.relational.Index">
<ind_PK_UK id="455FE031-025D-555F-8248-306A1B7CDEA3" name="Ticket_PK">
<createdBy>OmaShu</createdBy>
<createdTime>2019-12-13 05:32:23 UTC</createdTime>
<generatorID>480682DA-37C9-BF68-D57E-C681169173E1</generatorID>
<ownerDesignName>scm_jc13758322</ownerDesignName>
<pk>true</pk>
<indexState>Primary Constraint</indexState>
<isSurrogateKey>false</isSurrogateKey>
<indexColumnUsage>
<colUsage columnID="AA634BA4-2C77-EA94-0F33-96FDDDB752C4"/>
</indexColumnUsage>
</ind_PK_UK>
<ind_PK_UK id="5CAC38C6-2F3B-2305-5685-1BCDC75B2F8C" name="Ticket_Screening_FK">
<createdBy>OmaShu</createdBy>
<createdTime>2019-12-13 05:32:23 UTC</createdTime>
<generatorID>8B9A6380-49CC-9E59-417A-FD48D8AD1B3C</generatorID>
<ownerDesignName>scm_jc13758322</ownerDesignName>
<indexState>Foreign Key</indexState>
<isSurrogateKey>false</isSurrogateKey>
<indexColumnUsage>
<colUsage columnID="F77211A2-FD1C-830D-163D-6B8F0B3A8D33"/>
</indexColumnUsage>
</ind_PK_UK>
<ind_PK_UK id="819E86B6-071A-37F6-595C-D8D906F39DF1" name="Ticket_Ticket_Type_FK">
<createdBy>OmaShu</createdBy>
<createdTime>2019-12-13 05:32:23 UTC</createdTime>
<generatorID>D92E73E8-A3A3-AF5F-33C7-CBFD98FC1F9E</generatorID>
<ownerDesignName>scm_jc13758322</ownerDesignName>
<indexState>Foreign Key</indexState>
<isSurrogateKey>false</isSurrogateKey>
<indexColumnUsage>
<colUsage columnID="15570B9A-6D77-DEE3-735D-52845CCD2690"/>
</indexColumnUsage>
</ind_PK_UK>
<ind_PK_UK id="551C35EA-BD2B-D187-50C3-826B4151FA7E" name="Ticket_Seat_FK">
<createdBy>OmaShu</createdBy>
<createdTime>2019-12-13 05:32:23 UTC</createdTime>
<generatorID>BC36B1CF-F07F-FDFA-734B-22D4B881D837</generatorID>
<ownerDesignName>scm_jc13758322</ownerDesignName>
<indexState>Foreign Key</indexState>
<isSurrogateKey>false</isSurrogateKey>
<indexColumnUsage>
<colUsage columnID="A90F49D7-23A4-5AC4-6E37-FDDA2B73B408"/>
</indexColumnUsage>
</ind_PK_UK>
</indexes>
</Table>