<?xml version = '1.0' encoding = 'UTF-8'?>
<Table class="oracle.dbtools.crest.model.design.relational.Table" directorySegmentName="seg_0" id="A2FC0D3F-1A46-222E-9253-0D5CAD7E6B39" name="Seat">
<createdBy>OmaShu</createdBy>
<createdTime>2019-12-13 05:32:23 UTC</createdTime>
<generatorID>FADF7EF7-E9CC-38D9-1C63-E2F6D6F2CA6B</generatorID>
<ownerDesignName>scm_jc13758322</ownerDesignName>
<allowColumnReorder>false</allowColumnReorder>
<existDependencyGenerateInDDl>true</existDependencyGenerateInDDl>
<parsed>true</parsed>
<columns itemClass="oracle.dbtools.crest.model.design.relational.Column">
<Column name="seat_id" id="0E9D4B7C-856B-BA39-76FF-4D9AA7AC2832">
<createdBy>OmaShu</createdBy>
<createdTime>2019-12-13 05:32:23 UTC</createdTime>
<generatorID>25D056BA-E704-7318-1F86-208CBF006AB4</generatorID>
<ownerDesignName>scm_jc13758322</ownerDesignName>
<useDomainConstraints>false</useDomainConstraints>
<use>1</use>
<logicalDatatype>LOGDT019</logicalDatatype>
<dataTypePrecision>5</dataTypePrecision>
<ownDataTypeParameters>,5,</ownDataTypeParameters>
<autoIncrementCycle>false</autoIncrementCycle>
</Column>
<Column name="seat_number" id="235835FB-DD45-09C2-C0E1-4ACD9427FD12">
<createdBy>OmaShu</createdBy>
<createdTime>2019-12-13 05:32:23 UTC</createdTime>
<generatorID>4DF18DD9-EA84-0E13-1704-339B840E1DDD</generatorID>
<ownerDesignName>scm_jc13758322</ownerDesignName>
<useDomainConstraints>false</useDomainConstraints>
<use>1</use>
<logicalDatatype>LOGDT019</logicalDatatype>
<dataTypePrecision>3</dataTypePrecision>
<ownDataTypeParameters>,3,</ownDataTypeParameters>
<autoIncrementCycle>false</autoIncrementCycle>
</Column>
<Column name="row_id" id="5CD6EB20-E645-99CE-9C2F-1B2B83403FDC">
<createdBy>OmaShu</createdBy>
<createdTime>2019-12-13 05:32:23 UTC</createdTime>
<generatorID>656AD12D-60F4-CDFD-77ED-D046BD80C6E7</generatorID>
<ownerDesignName>scm_jc13758322</ownerDesignName>
<useDomainConstraints>false</useDomainConstraints>
<use>1</use>
<logicalDatatype>LOGDT019</logicalDatatype>
<dataTypePrecision>4</dataTypePrecision>
<ownDataTypeParameters>,,</ownDataTypeParameters>
<previousColumn>false</previousColumn>
<autoIncrementCycle>false</autoIncrementCycle>
<associations>
<colAssociation fkAssociation="46CE5FB4-8B97-2904-D365-D9B2C58CEF4B" referredColumn="80E13598-3E0D-BC31-82BF-7BBD2B1FD413"/>
</associations>
</Column>
</columns>
<indexes itemClass="oracle.dbtools.crest.model.design.relational.Index">
<ind_PK_UK id="18666EE8-79CD-F66A-61B6-CDCBE0E5C568" name="Seat_PK">
<createdBy>OmaShu</createdBy>
<createdTime>2019-12-13 05:32:23 UTC</createdTime>
<generatorID>108A415C-E60C-1DD7-49C1-9CA67068A313</generatorID>
<ownerDesignName>scm_jc13758322</ownerDesignName>
<pk>true</pk>
<indexState>Primary Constraint</indexState>
<isSurrogateKey>false</isSurrogateKey>
<indexColumnUsage>
<colUsage columnID="0E9D4B7C-856B-BA39-76FF-4D9AA7AC2832"/>
</indexColumnUsage>
</ind_PK_UK>
<ind_PK_UK id="2BC6ED11-D8BF-321C-33AF-63526D9DD502" name="Seat_Theatre_Row_FK">
<createdBy>OmaShu</createdBy>
<createdTime>2019-12-13 05:32:23 UTC</createdTime>
<generatorID>8242434C-72D9-D529-AFD6-5DFD176EC061</generatorID>
<ownerDesignName>scm_jc13758322</ownerDesignName>
<indexState>Foreign Key</indexState>
<isSurrogateKey>false</isSurrogateKey>
<indexColumnUsage>
<colUsage columnID="5CD6EB20-E645-99CE-9C2F-1B2B83403FDC"/>
</indexColumnUsage>
</ind_PK_UK>
</indexes>
</Table>