<?xml version = '1.0' encoding = 'UTF-8'?>
<Table class="oracle.dbtools.crest.model.design.relational.Table" directorySegmentName="seg_0" id="C1AC55E6-2F51-4009-1ABD-B20B65248DE5" name="Screening">
<createdBy>OmaShu</createdBy>
<createdTime>2019-12-13 05:32:23 UTC</createdTime>
<generatorID>F9EAE27C-053E-6B1F-3B4B-BD1C24AA47B8</generatorID>
<ownerDesignName>scm_jc13758322</ownerDesignName>
<allowColumnReorder>false</allowColumnReorder>
<existDependencyGenerateInDDl>true</existDependencyGenerateInDDl>
<parsed>true</parsed>
<columns itemClass="oracle.dbtools.crest.model.design.relational.Column">
<Column name="screening_id" id="432DC45F-D3D7-A47B-7516-4F9EBE70C251">
<createdBy>OmaShu</createdBy>
<createdTime>2019-12-13 05:32:23 UTC</createdTime>
<generatorID>D9A07EDD-A194-F8E4-3B39-FA689F6CD0F7</generatorID>
<ownerDesignName>scm_jc13758322</ownerDesignName>
<useDomainConstraints>false</useDomainConstraints>
<use>1</use>
<logicalDatatype>LOGDT019</logicalDatatype>
<dataTypePrecision>6</dataTypePrecision>
<ownDataTypeParameters>,6,</ownDataTypeParameters>
<autoIncrementCycle>false</autoIncrementCycle>
</Column>
<Column name="screening_date" id="CECFC899-49EC-6F00-123F-9E2CFB164FBF">
<createdBy>OmaShu</createdBy>
<createdTime>2019-12-13 05:32:23 UTC</createdTime>
<generatorID>993A6B32-BE75-9311-D6E6-430091953281</generatorID>
<ownerDesignName>scm_jc13758322</ownerDesignName>
<useDomainConstraints>false</useDomainConstraints>
<use>1</use>
<logicalDatatype>LOGDT007</logicalDatatype>
<ownDataTypeParameters>,,</ownDataTypeParameters>
<autoIncrementCycle>false</autoIncrementCycle>
</Column>
<Column name="screening_start_hh24" id="75484E95-5988-6A4F-A85B-6421EC3FF13E">
<createdBy>OmaShu</createdBy>
<createdTime>2019-12-13 05:32:23 UTC</createdTime>
<generatorID>EF89140B-2544-96DC-7744-25D361A9A6A0</generatorID>
<ownerDesignName>scm_jc13758322</ownerDesignName>
<useDomainConstraints>false</useDomainConstraints>
<use>1</use>
<logicalDatatype>LOGDT019</logicalDatatype>
<dataTypePrecision>2</dataTypePrecision>
<ownDataTypeParameters>,2,</ownDataTypeParameters>
<autoIncrementCycle>false</autoIncrementCycle>
</Column>
<Column name="screening_start_mm60" id="3727D2DE-3066-A4C5-05F9-7EE20E5D92EB">
<createdBy>OmaShu</createdBy>
<createdTime>2019-12-13 05:32:23 UTC</createdTime>
<generatorID>929E2003-DE9A-7EC3-131C-62318271A965</generatorID>
<ownerDesignName>scm_jc13758322</ownerDesignName>
<useDomainConstraints>false</useDomainConstraints>
<use>1</use>
<logicalDatatype>LOGDT019</logicalDatatype>
<dataTypePrecision>2</dataTypePrecision>
<ownDataTypeParameters>,2,</ownDataTypeParameters>
<autoIncrementCycle>false</autoIncrementCycle>
</Column>
<Column name="theatre_id" id="178DFDC2-79E2-839E-ECC6-3D31C387329E">
<createdBy>OmaShu</createdBy>
<createdTime>2019-12-13 05:32:23 UTC</createdTime>
<generatorID>B949CC1C-900A-9BC0-78D0-18533CCBAFAB</generatorID>
<ownerDesignName>scm_jc13758322</ownerDesignName>
<useDomainConstraints>false</useDomainConstraints>
<use>1</use>
<logicalDatatype>LOGDT019</logicalDatatype>
<dataTypePrecision>1</dataTypePrecision>
<ownDataTypeParameters>,,</ownDataTypeParameters>
<previousColumn>false</previousColumn>
<autoIncrementCycle>false</autoIncrementCycle>
<associations>
<colAssociation fkAssociation="7763942F-2AC0-7397-FE6F-21D1116CB4F6" referredColumn="58D5F1F1-A162-FDB6-7111-EC1AB9EF2BCB"/>
</associations>
</Column>
<Column name="plan_id" id="B215E10C-3514-0016-738C-B685C478C035">
<createdBy>OmaShu</createdBy>
<createdTime>2019-12-13 05:32:23 UTC</createdTime>
<generatorID>DBA170BB-8DFA-4CD6-F3D5-646D3861C296</generatorID>
<ownerDesignName>scm_jc13758322</ownerDesignName>
<useDomainConstraints>false</useDomainConstraints>
<use>1</use>
<logicalDatatype>LOGDT019</logicalDatatype>
<dataTypePrecision>4</dataTypePrecision>
<ownDataTypeParameters>,,</ownDataTypeParameters>
<previousColumn>false</previousColumn>
<autoIncrementCycle>false</autoIncrementCycle>
<associations>
<colAssociation fkAssociation="CA49FDEC-7F21-ECFD-7A86-B75582F2BE5F" referredColumn="BDAEAD2B-1427-6008-F94B-262A84AF178A"/>
</associations>
</Column>
</columns>
<indexes itemClass="oracle.dbtools.crest.model.design.relational.Index">
<ind_PK_UK id="5A3281FF-ECC1-8885-0E94-2DDA4FA91055" name="Screening_PK">
<createdBy>OmaShu</createdBy>
<createdTime>2019-12-13 05:32:23 UTC</createdTime>
<generatorID>47490E6D-7065-4000-CADA-D8DC688A4F6C</generatorID>
<ownerDesignName>scm_jc13758322</ownerDesignName>
<pk>true</pk>
<indexState>Primary Constraint</indexState>
<isSurrogateKey>false</isSurrogateKey>
<indexColumnUsage>
<colUsage columnID="432DC45F-D3D7-A47B-7516-4F9EBE70C251"/>
</indexColumnUsage>
</ind_PK_UK>
<ind_PK_UK id="3EFA899E-626D-598A-8582-DE68FA332607" name="Screening_Theatre_FK">
<createdBy>OmaShu</createdBy>
<createdTime>2019-12-13 05:32:23 UTC</createdTime>
<generatorID>4AC617C6-7308-1D47-3769-8A04EA1CAA02</generatorID>
<ownerDesignName>scm_jc13758322</ownerDesignName>
<indexState>Foreign Key</indexState>
<isSurrogateKey>false</isSurrogateKey>
<indexColumnUsage>
<colUsage columnID="178DFDC2-79E2-839E-ECC6-3D31C387329E"/>
</indexColumnUsage>
</ind_PK_UK>
<ind_PK_UK id="77292B58-16A1-EA46-3348-9E950AF0A4F2" name="Screening_Screening_Plan_FK">
<createdBy>OmaShu</createdBy>
<createdTime>2019-12-13 05:32:23 UTC</createdTime>
<generatorID>B073D56F-128D-90D0-1EFE-6D1CE58A7B05</generatorID>
<ownerDesignName>scm_jc13758322</ownerDesignName>
<indexState>Foreign Key</indexState>
<isSurrogateKey>false</isSurrogateKey>
<indexColumnUsage>
<colUsage columnID="B215E10C-3514-0016-738C-B685C478C035"/>
</indexColumnUsage>
</ind_PK_UK>
</indexes>
</Table>