<?xml version = '1.0' encoding = 'UTF-8'?>
<Diagram class="oracle.dbtools.crest.swingui.logical.DPVLogical" name="Logical" id="E2399A2D-EFE3-BD93-3DE2-F2B52CBD63B0">
<createdBy>OmaShu</createdBy>
<modifiedBy>OmaShu</modifiedBy>
<createdTime>2019-12-11 06:26:52 UTC</createdTime>
<autoRoute>false</autoRoute>
<boxInbox>true</boxInbox>
<showLegend>false</showLegend>
<showLabels>false</showLabels>
<showRelAttributes>false</showRelAttributes>
<gridEnabled>false</gridEnabled>
<showGrid>false</showGrid>
<diagramColor>-1</diagramColor>
<display>false</display>
<notation>0</notation>
<objectViews>
<OView class="oracle.dbtools.crest.swingui.logical.TVEntity" oid="0A131327-2FB4-4CBE-2B39-3033B45815B5" otype="Entity" vid="2BF1D08E-9816-B4D4-7A84-9E29245FCB6E">
<hideElementsInCurrentOnly>false</hideElementsInCurrentOnly>
<bounds x="280" y="127" width="170" height="110"/>
</OView>
<OView class="oracle.dbtools.crest.swingui.logical.TVEntity" oid="234101CD-C523-199F-090C-3C6D50088414" otype="Entity" vid="75501158-A88F-6BB8-27C6-431610A26A1A">
<hideElementsInCurrentOnly>false</hideElementsInCurrentOnly>
<bounds x="273" y="552" width="170" height="181"/>
</OView>
<OView class="oracle.dbtools.crest.swingui.logical.TVEntity" oid="4A42C0E6-097A-4489-5F9A-01CCE75FCA81" otype="Entity" vid="75348D72-196C-CD57-2B0C-24FE5AF9486F">
<hideElementsInCurrentOnly>false</hideElementsInCurrentOnly>
<bounds x="1125" y="423" width="170" height="147"/>
</OView>
<OView class="oracle.dbtools.crest.swingui.logical.TVEntity" oid="4FFB1B8A-B0BA-B03B-5645-D9E5CF2F101B" otype="Entity" vid="0AFB4F2F-71A5-4DF9-7AC2-3EB25752D134">
<hideElementsInCurrentOnly>false</hideElementsInCurrentOnly>
<bounds x="856" y="123" width="170" height="199"/>
</OView>
<OView class="oracle.dbtools.crest.swingui.logical.TVEntity" oid="9F521FED-2234-C9F2-1381-3F06E39B7CFB" otype="Entity" vid="034CFAC9-CE97-CC02-DAD8-2983F9F41677">
<hideElementsInCurrentOnly>false</hideElementsInCurrentOnly>
<bounds x="536" y="620" width="170" height="124"/>
</OView>
<OView class="oracle.dbtools.crest.swingui.logical.TVEntity" oid="A4052A1D-928B-2788-D6FA-C75104BAC18A" otype="Entity" vid="893F08AF-2213-1699-2E5F-9F1F2D7B4773">
<hideElementsInCurrentOnly>false</hideElementsInCurrentOnly>
<bounds x="534" y="122" width="170" height="110"/>
</OView>
<OView class="oracle.dbtools.crest.swingui.logical.TVEntity" oid="E9181402-59C0-FCC1-29DB-12F0CA7A6A8B" otype="Entity" vid="E79E1DA3-550D-DFE8-847F-1C5FF6211F2E">
<hideElementsInCurrentOnly>false</hideElementsInCurrentOnly>
<bounds x="855" y="404" width="170" height="162"/>
</OView>
<OView class="oracle.dbtools.crest.swingui.logical.TVEntity" oid="F9EAE27C-053E-6B1F-3B4B-BD1C24AA47B8" otype="Entity" vid="B5CB06E9-4FE2-5FB7-324E-3C1EB6267625">
<hideElementsInCurrentOnly>false</hideElementsInCurrentOnly>
<bounds x="542" y="402" width="170" height="177"/>
</OView>
<OView class="oracle.dbtools.crest.swingui.logical.TVEntity" oid="FADF7EF7-E9CC-38D9-1C63-E2F6D6F2CA6B" otype="Entity" vid="6E8D38A7-2410-283F-D96D-ED5AFEE38096">
<hideElementsInCurrentOnly>false</hideElementsInCurrentOnly>
<bounds x="282" y="371" width="170" height="113"/>
</OView>
</objectViews>
<connectors>
<Connector class="oracle.dbtools.crest.swingui.logical.TVRelation" oid="2FFC5170-6463-05D9-E108-C2A34BDDC04F" otype="Relation" vid_source="75348D72-196C-CD57-2B0C-24FE5AF9486F" vid_target="E79E1DA3-550D-DFE8-847F-1C5FF6211F2E">
<hideElementsInCurrentOnly>false</hideElementsInCurrentOnly>
<backgroundColor>-16777216</backgroundColor>
<lineWidth>1</lineWidth>
<points>
<point x="1125" y="494"/>
<point x="1025" y="494"/>
</points>
</Connector>
<Connector class="oracle.dbtools.crest.swingui.logical.TVRelation" oid="4AC617C6-7308-1D47-3769-8A04EA1CAA02" otype="Relation" vid_source="893F08AF-2213-1699-2E5F-9F1F2D7B4773" vid_target="B5CB06E9-4FE2-5FB7-324E-3C1EB6267625">
<hideElementsInCurrentOnly>false</hideElementsInCurrentOnly>
<backgroundColor>-16777216</backgroundColor>
<lineWidth>1</lineWidth>
<points>
<point x="623" y="232"/>
<point x="623" y="402"/>
</points>
</Connector>
<Connector class="oracle.dbtools.crest.swingui.logical.TVRelation" oid="6658EB7B-2BC2-D960-5D6E-52246B1A16D7" otype="Relation" vid_source="893F08AF-2213-1699-2E5F-9F1F2D7B4773" vid_target="2BF1D08E-9816-B4D4-7A84-9E29245FCB6E">
<hideElementsInCurrentOnly>false</hideElementsInCurrentOnly>
<backgroundColor>-16777216</backgroundColor>
<lineWidth>1</lineWidth>
<points>
<point x="534" y="179"/>
<point x="450" y="179"/>
</points>
</Connector>
<Connector class="oracle.dbtools.crest.swingui.logical.TVRelation" oid="8242434C-72D9-D529-AFD6-5DFD176EC061" otype="Relation" vid_source="2BF1D08E-9816-B4D4-7A84-9E29245FCB6E" vid_target="6E8D38A7-2410-283F-D96D-ED5AFEE38096">
<hideElementsInCurrentOnly>false</hideElementsInCurrentOnly>
<backgroundColor>-16777216</backgroundColor>
<lineWidth>1</lineWidth>
<points>
<point x="366" y="237"/>
<point x="366" y="371"/>
</points>
</Connector>
<Connector class="oracle.dbtools.crest.swingui.logical.TVRelation" oid="8B9A6380-49CC-9E59-417A-FD48D8AD1B3C" otype="Relation" vid_source="B5CB06E9-4FE2-5FB7-324E-3C1EB6267625" vid_target="75501158-A88F-6BB8-27C6-431610A26A1A">
<hideElementsInCurrentOnly>false</hideElementsInCurrentOnly>
<backgroundColor>-16777216</backgroundColor>
<lineWidth>1</lineWidth>
<points>
<point x="542" y="565"/>
<point x="443" y="565"/>
</points>
</Connector>
<Connector class="oracle.dbtools.crest.swingui.logical.TVRelation" oid="B073D56F-128D-90D0-1EFE-6D1CE58A7B05" otype="Relation" vid_source="E79E1DA3-550D-DFE8-847F-1C5FF6211F2E" vid_target="B5CB06E9-4FE2-5FB7-324E-3C1EB6267625">
<hideElementsInCurrentOnly>false</hideElementsInCurrentOnly>
<backgroundColor>-16777216</backgroundColor>
<lineWidth>1</lineWidth>
<points>
<point x="855" y="485"/>
<point x="712" y="485"/>
</points>
</Connector>
<Connector class="oracle.dbtools.crest.swingui.logical.TVRelation" oid="BC36B1CF-F07F-FDFA-734B-22D4B881D837" otype="Relation" vid_source="6E8D38A7-2410-283F-D96D-ED5AFEE38096" vid_target="75501158-A88F-6BB8-27C6-431610A26A1A">
<hideElementsInCurrentOnly>false</hideElementsInCurrentOnly>
<backgroundColor>-16777216</backgroundColor>
<lineWidth>1</lineWidth>
<points>
<point x="362" y="484"/>
<point x="362" y="552"/>
</points>
</Connector>
<Connector class="oracle.dbtools.crest.swingui.logical.TVRelation" oid="D92E73E8-A3A3-AF5F-33C7-CBFD98FC1F9E" otype="Relation" vid_source="034CFAC9-CE97-CC02-DAD8-2983F9F41677" vid_target="75501158-A88F-6BB8-27C6-431610A26A1A">
<hideElementsInCurrentOnly>false</hideElementsInCurrentOnly>
<backgroundColor>-16777216</backgroundColor>
<lineWidth>1</lineWidth>
<points>
<point x="536" y="676"/>
<point x="443" y="676"/>
</points>
</Connector>
</connectors>
</Diagram>