<?xml version = '1.0' encoding = 'UTF-8'?>
<FKIndexAssociation class="oracle.dbtools.crest.model.design.relational.FKIndexAssociation" directorySegmentName="seg_0" id="2C49CA56-F0FB-1A8A-92EA-2AD7D5462D83" containerWithKeyObject="E1CE0310-115F-923A-5B5A-C26E02C0AC71" localFKIndex="66F58229-803D-394D-6848-5BF293622EDE" name="Screening_Plan_Movie_FK">
<createdBy>OmaShu</createdBy>
<createdTime>2019-12-13 05:32:23 UTC</createdTime>
<generatorID>2FFC5170-6463-05D9-E108-C2A34BDDC04F</generatorID>
<ownerDesignName>scm_jc13758322</ownerDesignName>
<referredTableLongName>Movie</referredTableLongName>
<deleteRule>NO ACTION</deleteRule>
<referredTableID>FB2DD3BD-D404-3561-6936-9E354AD87A9F</referredTableID>
<keyObject>7AEF34F1-5549-EC97-BD0B-A58C96940815</keyObject>
<referredKeyID>7AEF34F1-5549-EC97-BD0B-A58C96940815</referredKeyID>
<mandatory>true</mandatory>
<refColNames>movie_id</refColNames>
<transferable>true</transferable>
<rely>false</rely>
<columnDependencyConstraintGenerateInDDL>true</columnDependencyConstraintGenerateInDDL>
</FKIndexAssociation>