<?xml version = '1.0' encoding = 'UTF-8'?>
<FKIndexAssociation class="oracle.dbtools.crest.model.design.relational.FKIndexAssociation" directorySegmentName="seg_0" id="35D8FCA0-9717-362D-FC4D-8C566CEF3BF7" containerWithKeyObject="A035C998-DFEF-8A8F-86B5-F59CD456E813" localFKIndex="551C35EA-BD2B-D187-50C3-826B4151FA7E" name="Ticket_Seat_FK">
<createdBy>OmaShu</createdBy>
<createdTime>2019-12-13 05:32:23 UTC</createdTime>
<generatorID>BC36B1CF-F07F-FDFA-734B-22D4B881D837</generatorID>
<ownerDesignName>scm_jc13758322</ownerDesignName>
<referredTableLongName>Seat</referredTableLongName>
<deleteRule>NO ACTION</deleteRule>
<referredTableID>A2FC0D3F-1A46-222E-9253-0D5CAD7E6B39</referredTableID>
<keyObject>18666EE8-79CD-F66A-61B6-CDCBE0E5C568</keyObject>
<referredKeyID>18666EE8-79CD-F66A-61B6-CDCBE0E5C568</referredKeyID>
<mandatory>true</mandatory>
<refColNames>seat_id</refColNames>
<transferable>true</transferable>
<rely>false</rely>
<columnDependencyConstraintGenerateInDDL>true</columnDependencyConstraintGenerateInDDL>
</FKIndexAssociation>