<?xml version = '1.0' encoding = 'UTF-8'?>
<FKIndexAssociation class="oracle.dbtools.crest.model.design.relational.FKIndexAssociation" directorySegmentName="seg_0" id="46CE5FB4-8B97-2904-D365-D9B2C58CEF4B" containerWithKeyObject="A2FC0D3F-1A46-222E-9253-0D5CAD7E6B39" localFKIndex="2BC6ED11-D8BF-321C-33AF-63526D9DD502" name="Seat_Theatre_Row_FK">
<createdBy>OmaShu</createdBy>
<createdTime>2019-12-13 05:32:23 UTC</createdTime>
<generatorID>8242434C-72D9-D529-AFD6-5DFD176EC061</generatorID>
<ownerDesignName>scm_jc13758322</ownerDesignName>
<referredTableLongName>Theatre_Row</referredTableLongName>
<deleteRule>NO ACTION</deleteRule>
<referredTableID>8205021D-824D-5864-CA92-0E18E34D3AE8</referredTableID>
<keyObject>85330C0E-B196-FBC7-C2DA-A6A384E0E549</keyObject>
<referredKeyID>85330C0E-B196-FBC7-C2DA-A6A384E0E549</referredKeyID>
<mandatory>true</mandatory>
<refColNames>row_id</refColNames>
<transferable>true</transferable>
<rely>false</rely>
<columnDependencyConstraintGenerateInDDL>true</columnDependencyConstraintGenerateInDDL>
</FKIndexAssociation>