<?xml version = '1.0' encoding = 'UTF-8'?>
<FKIndexAssociation class="oracle.dbtools.crest.model.design.relational.FKIndexAssociation" directorySegmentName="seg_0" id="6F0A068A-82FE-9570-A8FE-F3C7C9407660" containerWithKeyObject="A035C998-DFEF-8A8F-86B5-F59CD456E813" localFKIndex="5CAC38C6-2F3B-2305-5685-1BCDC75B2F8C" name="Ticket_Screening_FK">
<createdBy>OmaShu</createdBy>
<createdTime>2019-12-13 05:32:23 UTC</createdTime>
<generatorID>8B9A6380-49CC-9E59-417A-FD48D8AD1B3C</generatorID>
<ownerDesignName>scm_jc13758322</ownerDesignName>
<referredTableLongName>Screening</referredTableLongName>
<deleteRule>NO ACTION</deleteRule>
<referredTableID>C1AC55E6-2F51-4009-1ABD-B20B65248DE5</referredTableID>
<keyObject>5A3281FF-ECC1-8885-0E94-2DDA4FA91055</keyObject>
<referredKeyID>5A3281FF-ECC1-8885-0E94-2DDA4FA91055</referredKeyID>
<mandatory>true</mandatory>
<refColNames>screening_id</refColNames>
<transferable>true</transferable>
<rely>false</rely>
<columnDependencyConstraintGenerateInDDL>true</columnDependencyConstraintGenerateInDDL>
</FKIndexAssociation>