<?xml version = '1.0' encoding = 'UTF-8'?>
<FKIndexAssociation class="oracle.dbtools.crest.model.design.relational.FKIndexAssociation" directorySegmentName="seg_0" id="7763942F-2AC0-7397-FE6F-21D1116CB4F6" containerWithKeyObject="C1AC55E6-2F51-4009-1ABD-B20B65248DE5" localFKIndex="3EFA899E-626D-598A-8582-DE68FA332607" name="Screening_Theatre_FK">
<createdBy>OmaShu</createdBy>
<createdTime>2019-12-13 05:32:23 UTC</createdTime>
<generatorID>4AC617C6-7308-1D47-3769-8A04EA1CAA02</generatorID>
<ownerDesignName>scm_jc13758322</ownerDesignName>
<referredTableLongName>Theatre</referredTableLongName>
<deleteRule>NO ACTION</deleteRule>
<referredTableID>CA026195-CBFC-47D0-9237-7F82D652DD22</referredTableID>
<keyObject>03E6DC68-996A-0015-762E-5A80BAE1DA5A</keyObject>
<referredKeyID>03E6DC68-996A-0015-762E-5A80BAE1DA5A</referredKeyID>
<mandatory>true</mandatory>
<refColNames>theatre_id</refColNames>
<transferable>true</transferable>
<rely>false</rely>
<columnDependencyConstraintGenerateInDDL>true</columnDependencyConstraintGenerateInDDL>
</FKIndexAssociation>