<?xml version = '1.0' encoding = 'UTF-8'?>
<FKIndexAssociation class="oracle.dbtools.crest.model.design.relational.FKIndexAssociation" directorySegmentName="seg_0" id="90E02FCC-47C4-4DB0-7CF8-56374CE093DA" containerWithKeyObject="A035C998-DFEF-8A8F-86B5-F59CD456E813" localFKIndex="819E86B6-071A-37F6-595C-D8D906F39DF1" name="Ticket_Ticket_Type_FK">
<createdBy>OmaShu</createdBy>
<createdTime>2019-12-13 05:32:23 UTC</createdTime>
<generatorID>D92E73E8-A3A3-AF5F-33C7-CBFD98FC1F9E</generatorID>
<ownerDesignName>scm_jc13758322</ownerDesignName>
<referredTableLongName>Ticket_Type</referredTableLongName>
<deleteRule>NO ACTION</deleteRule>
<referredTableID>833D0A95-43B9-D352-8238-BE20A9827F46</referredTableID>
<keyObject>847A8C7C-BF65-15B2-4C87-969ABD9859A5</keyObject>
<referredKeyID>847A8C7C-BF65-15B2-4C87-969ABD9859A5</referredKeyID>
<mandatory>true</mandatory>
<refColNames>t_type_id</refColNames>
<transferable>true</transferable>
<rely>false</rely>
<columnDependencyConstraintGenerateInDDL>true</columnDependencyConstraintGenerateInDDL>
</FKIndexAssociation>