<?xml version = '1.0' encoding = 'UTF-8'?>
<FKIndexAssociation class="oracle.dbtools.crest.model.design.relational.FKIndexAssociation" directorySegmentName="seg_0" id="CA49FDEC-7F21-ECFD-7A86-B75582F2BE5F" containerWithKeyObject="C1AC55E6-2F51-4009-1ABD-B20B65248DE5" localFKIndex="77292B58-16A1-EA46-3348-9E950AF0A4F2" name="Screening_Screening_Plan_FK">
<createdBy>OmaShu</createdBy>
<createdTime>2019-12-13 05:32:23 UTC</createdTime>
<generatorID>B073D56F-128D-90D0-1EFE-6D1CE58A7B05</generatorID>
<ownerDesignName>scm_jc13758322</ownerDesignName>
<referredTableLongName>Screening_Plan</referredTableLongName>
<deleteRule>NO ACTION</deleteRule>
<referredTableID>E1CE0310-115F-923A-5B5A-C26E02C0AC71</referredTableID>
<keyObject>8AE7F82C-B43C-2819-ECA0-8A12AA777A58</keyObject>
<referredKeyID>8AE7F82C-B43C-2819-ECA0-8A12AA777A58</referredKeyID>
<mandatory>true</mandatory>
<refColNames>plan_id</refColNames>
<transferable>true</transferable>
<rely>false</rely>
<columnDependencyConstraintGenerateInDDL>true</columnDependencyConstraintGenerateInDDL>
</FKIndexAssociation>