<?xml version = '1.0' encoding = 'UTF-8'?>
<FKIndexAssociation class="oracle.dbtools.crest.model.design.relational.FKIndexAssociation" directorySegmentName="seg_0" id="DDBC197F-75D7-76E7-7B37-A4A339F6C8F2" containerWithKeyObject="8205021D-824D-5864-CA92-0E18E34D3AE8" localFKIndex="742097A2-AC73-742A-C020-AC7739585FFC" name="Theatre_Row_Theatre_FK">
<createdBy>OmaShu</createdBy>
<createdTime>2019-12-13 05:32:23 UTC</createdTime>
<generatorID>6658EB7B-2BC2-D960-5D6E-52246B1A16D7</generatorID>
<ownerDesignName>scm_jc13758322</ownerDesignName>
<referredTableLongName>Theatre</referredTableLongName>
<deleteRule>NO ACTION</deleteRule>
<referredTableID>CA026195-CBFC-47D0-9237-7F82D652DD22</referredTableID>
<keyObject>03E6DC68-996A-0015-762E-5A80BAE1DA5A</keyObject>
<referredKeyID>03E6DC68-996A-0015-762E-5A80BAE1DA5A</referredKeyID>
<mandatory>true</mandatory>
<refColNames>theatre_id</refColNames>
<transferable>true</transferable>
<rely>false</rely>
<columnDependencyConstraintGenerateInDDL>true</columnDependencyConstraintGenerateInDDL>
</FKIndexAssociation>