<?xml version = '1.0' encoding = 'UTF-8'?>
<FKIndexAssociation class="oracle.dbtools.crest.model.design.relational.FKIndexAssociation" directorySegmentName="seg_0" id="1426FF92-DED4-AB07-4A82-93D147CA5F8E" containerWithKeyObject="7B9E3577-B55E-2BB9-7041-6BD7FA3A900D" localFKIndex="BD037057-B4AB-08F9-806E-5DC3A102E823" name="Ticket_Ticket_Type_FK">
<createdBy>OmaShu</createdBy>
<createdTime>2019-12-12 17:50:18 UTC</createdTime>
<generatorID>D92E73E8-A3A3-AF5F-33C7-CBFD98FC1F9E</generatorID>
<ownerDesignName>scm_jc13758322</ownerDesignName>
<referredTableLongName>Ticket_Type</referredTableLongName>
<deleteRule>NO ACTION</deleteRule>
<referredTableID>0365D89F-0A00-2799-A87A-4B63EE10354C</referredTableID>
<keyObject>2E406092-03E6-96C1-18F8-61D8A24269A3</keyObject>
<referredKeyID>2E406092-03E6-96C1-18F8-61D8A24269A3</referredKeyID>
<mandatory>true</mandatory>
<refColNames>t_type_id</refColNames>
<transferable>true</transferable>
<rely>false</rely>
<columnDependencyConstraintGenerateInDDL>true</columnDependencyConstraintGenerateInDDL>
</FKIndexAssociation>