<?xml version = '1.0' encoding = 'UTF-8'?>
<FKIndexAssociation class="oracle.dbtools.crest.model.design.relational.FKIndexAssociation" directorySegmentName="seg_0" id="3FC3E84A-249E-0CA2-C34C-FE899BE86A2A" containerWithKeyObject="4EA807E5-F87B-DFF8-89FB-FE50DF13B0FE" localFKIndex="433BA9F5-5BB4-4D61-23B9-406FFF1CF257" name="Screening_Screening_Plan_FK">
<createdBy>OmaShu</createdBy>
<createdTime>2019-12-12 17:50:18 UTC</createdTime>
<generatorID>B073D56F-128D-90D0-1EFE-6D1CE58A7B05</generatorID>
<ownerDesignName>scm_jc13758322</ownerDesignName>
<referredTableLongName>Screening_Plan</referredTableLongName>
<deleteRule>NO ACTION</deleteRule>
<referredTableID>FF5F8C5D-7853-76F2-E6F1-1848F7CA25BB</referredTableID>
<keyObject>A5500937-FB45-7678-730A-A9869B06C536</keyObject>
<referredKeyID>A5500937-FB45-7678-730A-A9869B06C536</referredKeyID>
<mandatory>true</mandatory>
<refColNames>plan_id</refColNames>
<transferable>true</transferable>
<rely>false</rely>
<columnDependencyConstraintGenerateInDDL>true</columnDependencyConstraintGenerateInDDL>
</FKIndexAssociation>