<?xml version = '1.0' encoding = 'UTF-8'?>
<FKIndexAssociation class="oracle.dbtools.crest.model.design.relational.FKIndexAssociation" directorySegmentName="seg_0" id="724510F6-3CFD-FA61-6294-998326B78108" containerWithKeyObject="FF5F8C5D-7853-76F2-E6F1-1848F7CA25BB" localFKIndex="E82E3867-FB6B-D229-1885-F1FB370A2FEB" name="Screening_Plan_Movie_FK">
<createdBy>OmaShu</createdBy>
<createdTime>2019-12-12 17:50:18 UTC</createdTime>
<generatorID>2FFC5170-6463-05D9-E108-C2A34BDDC04F</generatorID>
<ownerDesignName>scm_jc13758322</ownerDesignName>
<referredTableLongName>Movie</referredTableLongName>
<deleteRule>NO ACTION</deleteRule>
<referredTableID>B4A564A9-53B2-8BE9-93A2-BB8D241CE35B</referredTableID>
<keyObject>C6D406AD-8E1B-AACD-70AC-48D9BD3F3F95</keyObject>
<referredKeyID>C6D406AD-8E1B-AACD-70AC-48D9BD3F3F95</referredKeyID>
<mandatory>true</mandatory>
<refColNames>movie_id</refColNames>
<transferable>true</transferable>
<rely>false</rely>
<columnDependencyConstraintGenerateInDDL>true</columnDependencyConstraintGenerateInDDL>
</FKIndexAssociation>