<?xml version = '1.0' encoding = 'UTF-8'?>
<FKIndexAssociation class="oracle.dbtools.crest.model.design.relational.FKIndexAssociation" directorySegmentName="seg_0" id="77F5EDCE-FBC8-D965-D839-FE37C2759E44" containerWithKeyObject="7B9E3577-B55E-2BB9-7041-6BD7FA3A900D" localFKIndex="58D0F055-5136-AE94-9515-9EC5B8ADAC99" name="Ticket_Seat_FK">
<createdBy>OmaShu</createdBy>
<createdTime>2019-12-12 17:50:18 UTC</createdTime>
<generatorID>BC36B1CF-F07F-FDFA-734B-22D4B881D837</generatorID>
<ownerDesignName>scm_jc13758322</ownerDesignName>
<referredTableLongName>Seat</referredTableLongName>
<deleteRule>NO ACTION</deleteRule>
<referredTableID>A23C4ADF-9CC0-128B-16E1-FC2B20FCC667</referredTableID>
<keyObject>46873A22-3D10-4F65-A6E2-14ABAD04D6D5</keyObject>
<referredKeyID>46873A22-3D10-4F65-A6E2-14ABAD04D6D5</referredKeyID>
<mandatory>true</mandatory>
<refColNames>seat_id</refColNames>
<transferable>true</transferable>
<rely>false</rely>
<columnDependencyConstraintGenerateInDDL>true</columnDependencyConstraintGenerateInDDL>
</FKIndexAssociation>