<?xml version = '1.0' encoding = 'UTF-8'?>
<FKIndexAssociation class="oracle.dbtools.crest.model.design.relational.FKIndexAssociation" directorySegmentName="seg_0" id="BED1F64E-CDCD-5CA5-4E83-749B1012CEDC" containerWithKeyObject="A23C4ADF-9CC0-128B-16E1-FC2B20FCC667" localFKIndex="7B2EA277-8DB2-4F21-F8F0-51454DF10E2F" name="Seat_Theatre_Row_FK">
<createdBy>OmaShu</createdBy>
<createdTime>2019-12-12 17:50:18 UTC</createdTime>
<generatorID>8242434C-72D9-D529-AFD6-5DFD176EC061</generatorID>
<ownerDesignName>scm_jc13758322</ownerDesignName>
<referredTableLongName>Theatre_Row</referredTableLongName>
<deleteRule>NO ACTION</deleteRule>
<referredTableID>524814AC-1F1C-2AD8-CCF8-64C533201372</referredTableID>
<keyObject>ED3CFAD3-ADBE-6DDB-B1F4-92F16D8A0731</keyObject>
<referredKeyID>ED3CFAD3-ADBE-6DDB-B1F4-92F16D8A0731</referredKeyID>
<mandatory>true</mandatory>
<refColNames>row_id</refColNames>
<transferable>true</transferable>
<rely>false</rely>
<columnDependencyConstraintGenerateInDDL>true</columnDependencyConstraintGenerateInDDL>
</FKIndexAssociation>