<?xml version = '1.0' encoding = 'UTF-8'?>
<FKIndexAssociation class="oracle.dbtools.crest.model.design.relational.FKIndexAssociation" directorySegmentName="seg_0" id="BF94D44F-9712-CE3F-5F77-E43627E70A06" containerWithKeyObject="7B9E3577-B55E-2BB9-7041-6BD7FA3A900D" localFKIndex="550DA8F5-1C96-00A7-D1BC-FF8D7CF0DEB4" name="Ticket_Screening_FK">
<createdBy>OmaShu</createdBy>
<createdTime>2019-12-12 17:50:18 UTC</createdTime>
<generatorID>8B9A6380-49CC-9E59-417A-FD48D8AD1B3C</generatorID>
<ownerDesignName>scm_jc13758322</ownerDesignName>
<referredTableLongName>Screening</referredTableLongName>
<deleteRule>NO ACTION</deleteRule>
<referredTableID>4EA807E5-F87B-DFF8-89FB-FE50DF13B0FE</referredTableID>
<keyObject>533E9D44-6196-5068-1E6F-D1B461D94E0F</keyObject>
<referredKeyID>533E9D44-6196-5068-1E6F-D1B461D94E0F</referredKeyID>
<mandatory>true</mandatory>
<refColNames>screening_id</refColNames>
<transferable>true</transferable>
<rely>false</rely>
<columnDependencyConstraintGenerateInDDL>true</columnDependencyConstraintGenerateInDDL>
</FKIndexAssociation>