<?xml version = '1.0' encoding = 'UTF-8'?>
<FKIndexAssociation class="oracle.dbtools.crest.model.design.relational.FKIndexAssociation" directorySegmentName="seg_0" id="EDDB3C12-1A43-AAC6-54B1-F97C41D0975E" containerWithKeyObject="4EA807E5-F87B-DFF8-89FB-FE50DF13B0FE" localFKIndex="98F2C285-415F-61A8-CA55-3954733E762E" name="Screening_Theatre_FK">
<createdBy>OmaShu</createdBy>
<createdTime>2019-12-12 17:50:18 UTC</createdTime>
<generatorID>4AC617C6-7308-1D47-3769-8A04EA1CAA02</generatorID>
<ownerDesignName>scm_jc13758322</ownerDesignName>
<referredTableLongName>Theatre</referredTableLongName>
<deleteRule>NO ACTION</deleteRule>
<referredTableID>7DD5B369-98C7-CCF1-4B89-DBD930C1479D</referredTableID>
<keyObject>EAEC6C62-D85A-AEE9-B6BD-CA030B636ECE</keyObject>
<referredKeyID>EAEC6C62-D85A-AEE9-B6BD-CA030B636ECE</referredKeyID>
<mandatory>true</mandatory>
<refColNames>theatre_id</refColNames>
<transferable>true</transferable>
<rely>false</rely>
<columnDependencyConstraintGenerateInDDL>true</columnDependencyConstraintGenerateInDDL>
</FKIndexAssociation>