<?xml version = '1.0' encoding = 'UTF-8'?>
<FKIndexAssociation class="oracle.dbtools.crest.model.design.relational.FKIndexAssociation" directorySegmentName="seg_0" id="FEC749CB-2669-A88E-D215-1C61743086E2" containerWithKeyObject="524814AC-1F1C-2AD8-CCF8-64C533201372" localFKIndex="605EB68F-620E-21CD-22A1-B2537FA00E8A" name="Theatre_Row_Theatre_FK">
<createdBy>OmaShu</createdBy>
<createdTime>2019-12-12 17:50:18 UTC</createdTime>
<generatorID>6658EB7B-2BC2-D960-5D6E-52246B1A16D7</generatorID>
<ownerDesignName>scm_jc13758322</ownerDesignName>
<referredTableLongName>Theatre</referredTableLongName>
<deleteRule>NO ACTION</deleteRule>
<referredTableID>7DD5B369-98C7-CCF1-4B89-DBD930C1479D</referredTableID>
<keyObject>EAEC6C62-D85A-AEE9-B6BD-CA030B636ECE</keyObject>
<referredKeyID>EAEC6C62-D85A-AEE9-B6BD-CA030B636ECE</referredKeyID>
<mandatory>true</mandatory>
<refColNames>theatre_id</refColNames>
<transferable>true</transferable>
<rely>false</rely>
<columnDependencyConstraintGenerateInDDL>true</columnDependencyConstraintGenerateInDDL>
</FKIndexAssociation>