<?xml version = '1.0' encoding = 'UTF-8'?>
<Relation class="oracle.dbtools.crest.model.design.logical.Relation" name="Relation_22" directorySegmentName="seg_0" id="2FFC5170-6463-05D9-E108-C2A34BDDC04F">
<createdBy>OmaShu</createdBy>
<createdTime>2019-12-11 06:26:56 UTC</createdTime>
<ownerDesignName>scm_jc13758322</ownerDesignName>
<engineerTo>
<item key="0FD093BE-FA64-831E-5A80-73AF9C70FBBD" value="true"/>
</engineerTo>
<sourcePk>2FCEAC9F-6405-ADC8-072C-44084AF4E470</sourcePk>
<identifying>false</identifying>
<optionalSource>true</optionalSource>
<optionalTarget>false</optionalTarget>
<sourceCardinality>1</sourceCardinality>
<sourceEntity>4A42C0E6-097A-4489-5F9A-01CCE75FCA81</sourceEntity>
<targetCardinalityString>*</targetCardinalityString>
<targetEntity>E9181402-59C0-FCC1-29DB-12F0CA7A6A8B</targetEntity>
<transferable>true</transferable>
<deleteRule>NO ACTION</deleteRule>
</Relation>