<?xml version = '1.0' encoding = 'UTF-8'?>
<Relation class="oracle.dbtools.crest.model.design.logical.Relation" name="Relation_23" directorySegmentName="seg_0" id="4AC617C6-7308-1D47-3769-8A04EA1CAA02">
<createdBy>OmaShu</createdBy>
<createdTime>2019-12-11 06:26:56 UTC</createdTime>
<ownerDesignName>scm_jc13758322</ownerDesignName>
<engineerTo>
<item key="0FD093BE-FA64-831E-5A80-73AF9C70FBBD" value="true"/>
</engineerTo>
<sourcePk>0B2386FB-9291-2C6D-A5CA-29BB3DA877F7</sourcePk>
<identifying>false</identifying>
<optionalSource>true</optionalSource>
<optionalTarget>false</optionalTarget>
<sourceCardinality>1</sourceCardinality>
<sourceEntity>A4052A1D-928B-2788-D6FA-C75104BAC18A</sourceEntity>
<targetCardinalityString>*</targetCardinalityString>
<targetEntity>F9EAE27C-053E-6B1F-3B4B-BD1C24AA47B8</targetEntity>
<transferable>true</transferable>
<deleteRule>NO ACTION</deleteRule>
</Relation>