<?xml version = '1.0' encoding = 'UTF-8'?>
<Relation class="oracle.dbtools.crest.model.design.logical.Relation" name="Relation_19" directorySegmentName="seg_0" id="8242434C-72D9-D529-AFD6-5DFD176EC061">
<createdBy>OmaShu</createdBy>
<createdTime>2019-12-11 06:26:56 UTC</createdTime>
<ownerDesignName>scm_jc13758322</ownerDesignName>
<engineerTo>
<item key="0FD093BE-FA64-831E-5A80-73AF9C70FBBD" value="true"/>
</engineerTo>
<sourcePk>9DEBE3E2-3422-0E26-CD18-E9D7C1244524</sourcePk>
<identifying>false</identifying>
<optionalSource>true</optionalSource>
<optionalTarget>false</optionalTarget>
<sourceCardinality>1</sourceCardinality>
<sourceEntity>0A131327-2FB4-4CBE-2B39-3033B45815B5</sourceEntity>
<targetCardinalityString>*</targetCardinalityString>
<targetEntity>FADF7EF7-E9CC-38D9-1C63-E2F6D6F2CA6B</targetEntity>
<transferable>true</transferable>
<deleteRule>NO ACTION</deleteRule>
</Relation>