<?xml version = '1.0' encoding = 'UTF-8'?>
<Relation class="oracle.dbtools.crest.model.design.logical.Relation" name="Relation_20" directorySegmentName="seg_0" id="8B9A6380-49CC-9E59-417A-FD48D8AD1B3C">
<createdBy>OmaShu</createdBy>
<createdTime>2019-12-11 06:26:56 UTC</createdTime>
<ownerDesignName>scm_jc13758322</ownerDesignName>
<engineerTo>
<item key="0FD093BE-FA64-831E-5A80-73AF9C70FBBD" value="true"/>
</engineerTo>
<sourcePk>47490E6D-7065-4000-CADA-D8DC688A4F6C</sourcePk>
<identifying>false</identifying>
<optionalSource>true</optionalSource>
<optionalTarget>false</optionalTarget>
<sourceCardinality>1</sourceCardinality>
<sourceEntity>F9EAE27C-053E-6B1F-3B4B-BD1C24AA47B8</sourceEntity>
<targetCardinalityString>*</targetCardinalityString>
<targetEntity>234101CD-C523-199F-090C-3C6D50088414</targetEntity>
<transferable>true</transferable>
<deleteRule>NO ACTION</deleteRule>
</Relation>