<?xml version = '1.0' encoding = 'UTF-8'?>
<Relation class="oracle.dbtools.crest.model.design.logical.Relation" name="Relation_21" directorySegmentName="seg_0" id="D92E73E8-A3A3-AF5F-33C7-CBFD98FC1F9E">
<createdBy>OmaShu</createdBy>
<createdTime>2019-12-11 06:26:56 UTC</createdTime>
<ownerDesignName>scm_jc13758322</ownerDesignName>
<engineerTo>
<item key="0FD093BE-FA64-831E-5A80-73AF9C70FBBD" value="true"/>
</engineerTo>
<sourcePk>4F6A99D8-F4C7-6192-2702-584242FA8C68</sourcePk>
<identifying>false</identifying>
<optionalSource>true</optionalSource>
<optionalTarget>false</optionalTarget>
<sourceCardinality>1</sourceCardinality>
<sourceEntity>9F521FED-2234-C9F2-1381-3F06E39B7CFB</sourceEntity>
<targetCardinalityString>*</targetCardinalityString>
<targetEntity>234101CD-C523-199F-090C-3C6D50088414</targetEntity>
<transferable>true</transferable>
<deleteRule>NO ACTION</deleteRule>
</Relation>