<?xml version = '1.0' encoding = 'UTF-8'?>
<Diagram class="oracle.dbtools.crest.swingui.relational.DPVRelational" name="Relational_1" id="F2CB2295-3A95-90C2-5524-ED8DA3B0E8CF">
<createdBy>OmaShu</createdBy>
<modifiedBy>OmaShu</modifiedBy>
<createdTime>2019-12-12 17:50:18 UTC</createdTime>
<autoRoute>false</autoRoute>
<boxInbox>true</boxInbox>
<showLegend>false</showLegend>
<showLabels>false</showLabels>
<showRelAttributes>false</showRelAttributes>
<gridEnabled>false</gridEnabled>
<showGrid>false</showGrid>
<diagramColor>-1</diagramColor>
<display>false</display>
<notation>1</notation>
<objectViews>
<OView class="oracle.dbtools.crest.swingui.relational.TVTable" oid="0365D89F-0A00-2799-A87A-4B63EE10354C" otype="Table" vid="22059B82-7BB1-B13C-D2EE-C87584E48BAC">
<hideElementsInCurrentOnly>false</hideElementsInCurrentOnly>
<bounds x="536" y="620" width="170" height="124"/>
</OView>
<OView class="oracle.dbtools.crest.swingui.relational.TVTable" oid="4EA807E5-F87B-DFF8-89FB-FE50DF13B0FE" otype="Table" vid="7D76A506-9BF7-14CA-9156-6B0D5DCED257">
<hideElementsInCurrentOnly>false</hideElementsInCurrentOnly>
<bounds x="542" y="402" width="170" height="177"/>
</OView>
<OView class="oracle.dbtools.crest.swingui.relational.TVTable" oid="524814AC-1F1C-2AD8-CCF8-64C533201372" otype="Table" vid="963D97BB-56A0-A88F-EE56-582A754B1CAB">
<hideElementsInCurrentOnly>false</hideElementsInCurrentOnly>
<bounds x="280" y="127" width="170" height="134"/>
</OView>
<OView class="oracle.dbtools.crest.swingui.relational.TVTable" oid="7B9E3577-B55E-2BB9-7041-6BD7FA3A900D" otype="Table" vid="17D52A3A-154E-663A-571C-57B74CC22892">
<hideElementsInCurrentOnly>false</hideElementsInCurrentOnly>
<bounds x="273" y="552" width="170" height="181"/>
</OView>
<OView class="oracle.dbtools.crest.swingui.relational.TVTable" oid="7DD5B369-98C7-CCF1-4B89-DBD930C1479D" otype="Table" vid="B2048CD9-9173-1A83-FA5C-395315D0268F">
<hideElementsInCurrentOnly>false</hideElementsInCurrentOnly>
<bounds x="534" y="122" width="170" height="110"/>
</OView>
<OView class="oracle.dbtools.crest.swingui.relational.TVTable" oid="A23C4ADF-9CC0-128B-16E1-FC2B20FCC667" otype="Table" vid="5F8EBB7A-19C7-79EE-FBBD-FC1D7583E844">
<hideElementsInCurrentOnly>false</hideElementsInCurrentOnly>
<bounds x="282" y="371" width="170" height="113"/>
</OView>
<OView class="oracle.dbtools.crest.swingui.relational.TVTable" oid="B4A564A9-53B2-8BE9-93A2-BB8D241CE35B" otype="Table" vid="CE095518-5525-A9EF-EF04-D15A953D83C2">
<hideElementsInCurrentOnly>false</hideElementsInCurrentOnly>
<bounds x="1125" y="423" width="170" height="147"/>
</OView>
<OView class="oracle.dbtools.crest.swingui.relational.TVTable" oid="D18CFB23-1D7F-7847-1515-DB4A56F2CF44" otype="Table" vid="16B85538-3F8C-56B6-F48B-061895C10EAA">
<hideElementsInCurrentOnly>false</hideElementsInCurrentOnly>
<bounds x="856" y="123" width="170" height="199"/>
</OView>
<OView class="oracle.dbtools.crest.swingui.relational.TVTable" oid="FF5F8C5D-7853-76F2-E6F1-1848F7CA25BB" otype="Table" vid="699594DD-D9BB-88F1-C691-20345BFE2E92">
<hideElementsInCurrentOnly>false</hideElementsInCurrentOnly>
<bounds x="855" y="404" width="170" height="173"/>
</OView>
</objectViews>
<connectors>
<Connector class="oracle.dbtools.crest.swingui.relational.TVFKRelation" oid="1426FF92-DED4-AB07-4A82-93D147CA5F8E" otype="FKIndexAssociation" vid_source="22059B82-7BB1-B13C-D2EE-C87584E48BAC" vid_target="17D52A3A-154E-663A-571C-57B74CC22892">
<hideElementsInCurrentOnly>false</hideElementsInCurrentOnly>
<backgroundColor>-16777216</backgroundColor>
<lineWidth>1</lineWidth>
<points>
<point x="536" y="676"/>
<point x="443" y="676"/>
</points>
</Connector>
<Connector class="oracle.dbtools.crest.swingui.relational.TVFKRelation" oid="3FC3E84A-249E-0CA2-C34C-FE899BE86A2A" otype="FKIndexAssociation" vid_source="699594DD-D9BB-88F1-C691-20345BFE2E92" vid_target="7D76A506-9BF7-14CA-9156-6B0D5DCED257">
<hideElementsInCurrentOnly>false</hideElementsInCurrentOnly>
<backgroundColor>-16777216</backgroundColor>
<lineWidth>1</lineWidth>
<points>
<point x="855" y="505"/>
<point x="712" y="505"/>
</points>
</Connector>
<Connector class="oracle.dbtools.crest.swingui.relational.TVFKRelation" oid="724510F6-3CFD-FA61-6294-998326B78108" otype="FKIndexAssociation" vid_source="CE095518-5525-A9EF-EF04-D15A953D83C2" vid_target="699594DD-D9BB-88F1-C691-20345BFE2E92">
<hideElementsInCurrentOnly>false</hideElementsInCurrentOnly>
<backgroundColor>-16777216</backgroundColor>
<lineWidth>1</lineWidth>
<points>
<point x="1125" y="511"/>
<point x="1025" y="511"/>
</points>
</Connector>
<Connector class="oracle.dbtools.crest.swingui.relational.TVFKRelation" oid="77F5EDCE-FBC8-D965-D839-FE37C2759E44" otype="FKIndexAssociation" vid_source="5F8EBB7A-19C7-79EE-FBBD-FC1D7583E844" vid_target="17D52A3A-154E-663A-571C-57B74CC22892">
<hideElementsInCurrentOnly>false</hideElementsInCurrentOnly>
<backgroundColor>-16777216</backgroundColor>
<lineWidth>1</lineWidth>
<points>
<point x="362" y="484"/>
<point x="362" y="552"/>
</points>
</Connector>
<Connector class="oracle.dbtools.crest.swingui.relational.TVFKRelation" oid="BED1F64E-CDCD-5CA5-4E83-749B1012CEDC" otype="FKIndexAssociation" vid_source="963D97BB-56A0-A88F-EE56-582A754B1CAB" vid_target="5F8EBB7A-19C7-79EE-FBBD-FC1D7583E844">
<hideElementsInCurrentOnly>false</hideElementsInCurrentOnly>
<backgroundColor>-16777216</backgroundColor>
<lineWidth>1</lineWidth>
<points>
<point x="381" y="261"/>
<point x="381" y="371"/>
</points>
</Connector>
<Connector class="oracle.dbtools.crest.swingui.relational.TVFKRelation" oid="BF94D44F-9712-CE3F-5F77-E43627E70A06" otype="FKIndexAssociation" vid_source="7D76A506-9BF7-14CA-9156-6B0D5DCED257" vid_target="17D52A3A-154E-663A-571C-57B74CC22892">
<hideElementsInCurrentOnly>false</hideElementsInCurrentOnly>
<backgroundColor>-16777216</backgroundColor>
<lineWidth>1</lineWidth>
<points>
<point x="542" y="565"/>
<point x="443" y="565"/>
</points>
</Connector>
<Connector class="oracle.dbtools.crest.swingui.relational.TVFKRelation" oid="EDDB3C12-1A43-AAC6-54B1-F97C41D0975E" otype="FKIndexAssociation" vid_source="B2048CD9-9173-1A83-FA5C-395315D0268F" vid_target="7D76A506-9BF7-14CA-9156-6B0D5DCED257">
<hideElementsInCurrentOnly>false</hideElementsInCurrentOnly>
<backgroundColor>-16777216</backgroundColor>
<lineWidth>1</lineWidth>
<points>
<point x="623" y="232"/>
<point x="623" y="402"/>
</points>
</Connector>
<Connector class="oracle.dbtools.crest.swingui.relational.TVFKRelation" oid="FEC749CB-2669-A88E-D215-1C61743086E2" otype="FKIndexAssociation" vid_source="B2048CD9-9173-1A83-FA5C-395315D0268F" vid_target="963D97BB-56A0-A88F-EE56-582A754B1CAB">
<hideElementsInCurrentOnly>false</hideElementsInCurrentOnly>
<backgroundColor>-16777216</backgroundColor>
<lineWidth>1</lineWidth>
<points>
<point x="534" y="194"/>
<point x="450" y="194"/>
</points>
</Connector>
</connectors>
</Diagram>