<?xml version = '1.0' encoding = 'UTF-8'?>
<Diagram class="oracle.dbtools.crest.swingui.relational.DPVRelational" name="Relational_1" id="1377FBCD-1C11-FDE6-2FD3-B29775F581C8">
<createdBy>OmaShu</createdBy>
<modifiedBy>OmaShu</modifiedBy>
<createdTime>2019-12-13 05:30:41 UTC</createdTime>
<autoRoute>false</autoRoute>
<boxInbox>true</boxInbox>
<showLegend>false</showLegend>
<showLabels>false</showLabels>
<showRelAttributes>false</showRelAttributes>
<gridEnabled>false</gridEnabled>
<showGrid>false</showGrid>
<diagramColor>-1</diagramColor>
<display>false</display>
<notation>1</notation>
<objectViews>
<OView class="oracle.dbtools.crest.swingui.relational.TVTable" oid="8205021D-824D-5864-CA92-0E18E34D3AE8" otype="Table" vid="7B65E7C1-7E20-2612-2AC7-90493AEC1CD8">
<hideElementsInCurrentOnly>false</hideElementsInCurrentOnly>
<bounds x="280" y="127" width="170" height="130"/>
</OView>
<OView class="oracle.dbtools.crest.swingui.relational.TVTable" oid="833D0A95-43B9-D352-8238-BE20A9827F46" otype="Table" vid="00E6F07D-CCF5-9A60-9B81-B816374F0D17">
<hideElementsInCurrentOnly>false</hideElementsInCurrentOnly>
<bounds x="536" y="620" width="170" height="124"/>
</OView>
<OView class="oracle.dbtools.crest.swingui.relational.TVTable" oid="A035C998-DFEF-8A8F-86B5-F59CD456E813" otype="Table" vid="3620938E-1A6E-3089-2611-54D2BEB4FA6E">
<hideElementsInCurrentOnly>false</hideElementsInCurrentOnly>
<bounds x="273" y="552" width="170" height="181"/>
</OView>
<OView class="oracle.dbtools.crest.swingui.relational.TVTable" oid="A2FC0D3F-1A46-222E-9253-0D5CAD7E6B39" otype="Table" vid="50F83D36-72C8-046A-9D3A-750E67D742B3">
<hideElementsInCurrentOnly>false</hideElementsInCurrentOnly>
<bounds x="282" y="371" width="170" height="113"/>
</OView>
<OView class="oracle.dbtools.crest.swingui.relational.TVTable" oid="C1AC55E6-2F51-4009-1ABD-B20B65248DE5" otype="Table" vid="738747B8-4366-2864-3701-E4D0E25E2B57">
<hideElementsInCurrentOnly>false</hideElementsInCurrentOnly>
<bounds x="542" y="402" width="170" height="177"/>
</OView>
<OView class="oracle.dbtools.crest.swingui.relational.TVTable" oid="C6758947-C047-784E-296E-B1511195FFDB" otype="Table" vid="E0412C47-5123-7DED-83EA-A0577A92FB5B">
<hideElementsInCurrentOnly>false</hideElementsInCurrentOnly>
<bounds x="856" y="123" width="170" height="199"/>
</OView>
<OView class="oracle.dbtools.crest.swingui.relational.TVTable" oid="CA026195-CBFC-47D0-9237-7F82D652DD22" otype="Table" vid="C124E9CF-2DD5-3E07-C375-E0636F81486B">
<hideElementsInCurrentOnly>false</hideElementsInCurrentOnly>
<bounds x="534" y="122" width="170" height="110"/>
</OView>
<OView class="oracle.dbtools.crest.swingui.relational.TVTable" oid="E1CE0310-115F-923A-5B5A-C26E02C0AC71" otype="Table" vid="096C2F74-E8E8-8339-84A1-AF35E71DDCE6">
<hideElementsInCurrentOnly>false</hideElementsInCurrentOnly>
<bounds x="855" y="404" width="170" height="162"/>
</OView>
<OView class="oracle.dbtools.crest.swingui.relational.TVTable" oid="FB2DD3BD-D404-3561-6936-9E354AD87A9F" otype="Table" vid="1943827D-CDB6-1208-BCA2-B71844271A0E">
<hideElementsInCurrentOnly>false</hideElementsInCurrentOnly>
<bounds x="1125" y="423" width="170" height="147"/>
</OView>
</objectViews>
<connectors>
<Connector class="oracle.dbtools.crest.swingui.relational.TVFKRelation" oid="2C49CA56-F0FB-1A8A-92EA-2AD7D5462D83" otype="FKIndexAssociation" vid_source="1943827D-CDB6-1208-BCA2-B71844271A0E" vid_target="096C2F74-E8E8-8339-84A1-AF35E71DDCE6">
<hideElementsInCurrentOnly>false</hideElementsInCurrentOnly>
<backgroundColor>-16777216</backgroundColor>
<lineWidth>1</lineWidth>
<points>
<point x="1125" y="494"/>
<point x="1025" y="494"/>
</points>
</Connector>
<Connector class="oracle.dbtools.crest.swingui.relational.TVFKRelation" oid="35D8FCA0-9717-362D-FC4D-8C566CEF3BF7" otype="FKIndexAssociation" vid_source="50F83D36-72C8-046A-9D3A-750E67D742B3" vid_target="3620938E-1A6E-3089-2611-54D2BEB4FA6E">
<hideElementsInCurrentOnly>false</hideElementsInCurrentOnly>
<backgroundColor>-16777216</backgroundColor>
<lineWidth>1</lineWidth>
<points>
<point x="362" y="484"/>
<point x="362" y="552"/>
</points>
</Connector>
<Connector class="oracle.dbtools.crest.swingui.relational.TVFKRelation" oid="46CE5FB4-8B97-2904-D365-D9B2C58CEF4B" otype="FKIndexAssociation" vid_source="7B65E7C1-7E20-2612-2AC7-90493AEC1CD8" vid_target="50F83D36-72C8-046A-9D3A-750E67D742B3">
<hideElementsInCurrentOnly>false</hideElementsInCurrentOnly>
<backgroundColor>-16777216</backgroundColor>
<lineWidth>1</lineWidth>
<points>
<point x="381" y="257"/>
<point x="381" y="371"/>
</points>
</Connector>
<Connector class="oracle.dbtools.crest.swingui.relational.TVFKRelation" oid="6F0A068A-82FE-9570-A8FE-F3C7C9407660" otype="FKIndexAssociation" vid_source="738747B8-4366-2864-3701-E4D0E25E2B57" vid_target="3620938E-1A6E-3089-2611-54D2BEB4FA6E">
<hideElementsInCurrentOnly>false</hideElementsInCurrentOnly>
<backgroundColor>-16777216</backgroundColor>
<lineWidth>1</lineWidth>
<points>
<point x="542" y="565"/>
<point x="443" y="565"/>
</points>
</Connector>
<Connector class="oracle.dbtools.crest.swingui.relational.TVFKRelation" oid="7763942F-2AC0-7397-FE6F-21D1116CB4F6" otype="FKIndexAssociation" vid_source="C124E9CF-2DD5-3E07-C375-E0636F81486B" vid_target="738747B8-4366-2864-3701-E4D0E25E2B57">
<hideElementsInCurrentOnly>false</hideElementsInCurrentOnly>
<backgroundColor>-16777216</backgroundColor>
<lineWidth>1</lineWidth>
<points>
<point x="623" y="232"/>
<point x="623" y="402"/>
</points>
</Connector>
<Connector class="oracle.dbtools.crest.swingui.relational.TVFKRelation" oid="90E02FCC-47C4-4DB0-7CF8-56374CE093DA" otype="FKIndexAssociation" vid_source="00E6F07D-CCF5-9A60-9B81-B816374F0D17" vid_target="3620938E-1A6E-3089-2611-54D2BEB4FA6E">
<hideElementsInCurrentOnly>false</hideElementsInCurrentOnly>
<backgroundColor>-16777216</backgroundColor>
<lineWidth>1</lineWidth>
<points>
<point x="536" y="676"/>
<point x="443" y="676"/>
</points>
</Connector>
<Connector class="oracle.dbtools.crest.swingui.relational.TVFKRelation" oid="CA49FDEC-7F21-ECFD-7A86-B75582F2BE5F" otype="FKIndexAssociation" vid_source="096C2F74-E8E8-8339-84A1-AF35E71DDCE6" vid_target="738747B8-4366-2864-3701-E4D0E25E2B57">
<hideElementsInCurrentOnly>false</hideElementsInCurrentOnly>
<backgroundColor>-16777216</backgroundColor>
<lineWidth>1</lineWidth>
<points>
<point x="855" y="485"/>
<point x="712" y="485"/>
</points>
</Connector>
<Connector class="oracle.dbtools.crest.swingui.relational.TVFKRelation" oid="DDBC197F-75D7-76E7-7B37-A4A339F6C8F2" otype="FKIndexAssociation" vid_source="C124E9CF-2DD5-3E07-C375-E0636F81486B" vid_target="7B65E7C1-7E20-2612-2AC7-90493AEC1CD8">
<hideElementsInCurrentOnly>false</hideElementsInCurrentOnly>
<backgroundColor>-16777216</backgroundColor>
<lineWidth>1</lineWidth>
<points>
<point x="534" y="194"/>
<point x="450" y="194"/>
</points>
</Connector>
</connectors>
</Diagram>