<?xml version = '1.0' encoding = 'UTF-8'?>
<relationalModel class="oracle.dbtools.crest.model.design.relational.RelationalDesign" name="Relational_1" id="1868C2DE-6006-AEC8-D176-686E7EFAE1E6" mainViewID="1377FBCD-1C11-FDE6-2FD3-B29775F581C8">
<createdBy>OmaShu</createdBy>
<createdTime>2019-12-13 05:30:41 UTC</createdTime>
<ownerDesignName>scm_jc13758322</ownerDesignName>
<shouldBeOpen>false</shouldBeOpen>
<selectedRDBMSSite>32076570-2523-435C-2E92-BF29817DFF70</selectedRDBMSSite>
</relationalModel>