<?xml version = '1.0' encoding = 'UTF-8'?>
<Entity class="oracle.dbtools.crest.model.design.logical.Entity" directorySegmentName="seg_0" id="234101CD-C523-199F-090C-3C6D50088414" name="Ticket">
<createdBy>OmaShu</createdBy>
<createdTime>2019-12-11 06:26:56 UTC</createdTime>
<ownerDesignName>scm_jc13758322</ownerDesignName>
<engineerTo>
<item key="0FD093BE-FA64-831E-5A80-73AF9C70FBBD" value="true"/>
</engineerTo>
<adequatelyNormalized>NO</adequatelyNormalized>
<expectedVolumes>0</expectedVolumes>
<fwdEngineeringStrategyName>Single Table</fwdEngineeringStrategyName>
<growthPercent>0</growthPercent>
<growthType>Year</growthType>
<maxVolumes>9999999</maxVolumes>
<minVolumes>0</minVolumes>
<normalForm>Third</normalForm>
<attributes itemClass="oracle.dbtools.crest.model.design.logical.Attribute">
<Attribute name="ticket_id" id="29C6B798-C776-B2D5-DADE-4B4E82093A4A">
<createdBy>OmaShu</createdBy>
<createdTime>2019-12-11 06:26:56 UTC</createdTime>
<ownerDesignName>scm_jc13758322</ownerDesignName>
<importedID>6354CBC7-BF16-0C62-0DD9-42BAE7353650</importedID>
<engineerTo>
<item key="0FD093BE-FA64-831E-5A80-73AF9C70FBBD" value="true"/>
</engineerTo>
<useDomainConstraints>false</useDomainConstraints>
<use>1</use>
<logicalDatatype>LOGDT019</logicalDatatype>
<dataTypePrecision>8</dataTypePrecision>
<ownDataTypeParameters>,8,</ownDataTypeParameters>
</Attribute>
<Attribute name="ticket_date" id="7932276D-A56D-A305-DDAB-EFEBA0BA117E">
<createdBy>OmaShu</createdBy>
<createdTime>2019-12-11 06:26:56 UTC</createdTime>
<ownerDesignName>scm_jc13758322</ownerDesignName>
<importedID>212EC7DA-1D00-9721-E4B3-5DB66784B235</importedID>
<engineerTo>
<item key="0FD093BE-FA64-831E-5A80-73AF9C70FBBD" value="true"/>
</engineerTo>
<useDomainConstraints>false</useDomainConstraints>
<use>1</use>
<logicalDatatype>LOGDT007</logicalDatatype>
<ownDataTypeParameters>,,</ownDataTypeParameters>
</Attribute>
<Attribute name="screening_id" id="D1027F46-CC95-56EE-280C-28CC25F8DF3D">
<createdBy>OmaShu</createdBy>
<createdTime>2019-12-11 06:26:56 UTC</createdTime>
<generatorID>8B9A6380-49CC-9E59-417A-FD48D8AD1B3C</generatorID>
<ownerDesignName>scm_jc13758322</ownerDesignName>
<importedID>FBB636C8-92B3-A93A-85BB-FF96066A977E</importedID>
<engineerTo>
<item key="0FD093BE-FA64-831E-5A80-73AF9C70FBBD" value="true"/>
</engineerTo>
<referedAttribute>D9A07EDD-A194-F8E4-3B39-FA689F6CD0F7</referedAttribute>
<useDomainConstraints>false</useDomainConstraints>
<use>1</use>
<logicalDatatype>LOGDT019</logicalDatatype>
<dataTypePrecision>6</dataTypePrecision>
<ownDataTypeParameters>,6,</ownDataTypeParameters>
</Attribute>
<Attribute name="t_type_id" id="88D8F093-B8A4-E826-8BF1-A24E39E88A6E">
<createdBy>OmaShu</createdBy>
<createdTime>2019-12-11 06:26:56 UTC</createdTime>
<generatorID>D92E73E8-A3A3-AF5F-33C7-CBFD98FC1F9E</generatorID>
<ownerDesignName>scm_jc13758322</ownerDesignName>
<importedID>2A5119AB-E9E5-7DD7-4D7F-4A2E90367956</importedID>
<engineerTo>
<item key="0FD093BE-FA64-831E-5A80-73AF9C70FBBD" value="true"/>
</engineerTo>
<referedAttribute>3725846B-B3A6-5E8F-322B-CFC86C8E4612</referedAttribute>
<useDomainConstraints>false</useDomainConstraints>
<use>1</use>
<logicalDatatype>LOGDT019</logicalDatatype>
<dataTypePrecision>1</dataTypePrecision>
<ownDataTypeParameters>,1,</ownDataTypeParameters>
</Attribute>
<Attribute name="seat_id" id="1C9453C8-3965-3591-578C-34360E5250CD">
<createdBy>OmaShu</createdBy>
<createdTime>2019-12-11 06:26:56 UTC</createdTime>
<generatorID>BC36B1CF-F07F-FDFA-734B-22D4B881D837</generatorID>
<ownerDesignName>scm_jc13758322</ownerDesignName>
<importedID>C1D31194-3865-5D51-1488-B6A97B859B4C</importedID>
<engineerTo>
<item key="0FD093BE-FA64-831E-5A80-73AF9C70FBBD" value="true"/>
</engineerTo>
<referedAttribute>25D056BA-E704-7318-1F86-208CBF006AB4</referedAttribute>
<useDomainConstraints>false</useDomainConstraints>
<use>1</use>
<logicalDatatype>LOGDT019</logicalDatatype>
<dataTypePrecision>5</dataTypePrecision>
<ownDataTypeParameters>,5,</ownDataTypeParameters>
</Attribute>
</attributes>
<identifiers itemClass="oracle.dbtools.crest.model.design.logical.CandidateKey">
<identifier id="480682DA-37C9-BF68-D57E-C681169173E1" name="Ticket PK">
<createdBy>OmaShu</createdBy>
<createdTime>2019-12-11 06:26:56 UTC</createdTime>
<ownerDesignName>scm_jc13758322</ownerDesignName>
<shouldEngineer>false</shouldEngineer>
<engineerTo>
<item key="0FD093BE-FA64-831E-5A80-73AF9C70FBBD" value="false"/>
</engineerTo>
<pk>true</pk>
<usedAttributes>
<attributeRef>29C6B798-C776-B2D5-DADE-4B4E82093A4A</attributeRef>
</usedAttributes>
</identifier>
</identifiers>
</Entity>