<?xml version = '1.0' encoding = 'UTF-8'?>
<Entity class="oracle.dbtools.crest.model.design.logical.Entity" directorySegmentName="seg_0" id="4A42C0E6-097A-4489-5F9A-01CCE75FCA81" name="Movie">
<createdBy>OmaShu</createdBy>
<createdTime>2019-12-11 06:26:56 UTC</createdTime>
<ownerDesignName>scm_jc13758322</ownerDesignName>
<engineerTo>
<item key="0FD093BE-FA64-831E-5A80-73AF9C70FBBD" value="true"/>
</engineerTo>
<adequatelyNormalized>NO</adequatelyNormalized>
<expectedVolumes>0</expectedVolumes>
<fwdEngineeringStrategyName>Single Table</fwdEngineeringStrategyName>
<growthPercent>0</growthPercent>
<growthType>Year</growthType>
<maxVolumes>9999999</maxVolumes>
<minVolumes>0</minVolumes>
<normalForm>Third</normalForm>
<attributes itemClass="oracle.dbtools.crest.model.design.logical.Attribute">
<Attribute name="movie_id" id="F514393F-F1AB-132F-BCEB-61B657F13FE9">
<createdBy>OmaShu</createdBy>
<createdTime>2019-12-11 06:26:56 UTC</createdTime>
<ownerDesignName>scm_jc13758322</ownerDesignName>
<importedID>4564222A-62D4-5E29-7AD6-0DE78F066797</importedID>
<engineerTo>
<item key="0FD093BE-FA64-831E-5A80-73AF9C70FBBD" value="true"/>
</engineerTo>
<useDomainConstraints>false</useDomainConstraints>
<use>1</use>
<logicalDatatype>LOGDT019</logicalDatatype>
<dataTypePrecision>4</dataTypePrecision>
<ownDataTypeParameters>,4,</ownDataTypeParameters>
</Attribute>
<Attribute name="movie_title" id="8DF1A510-975C-6C6B-7732-0193014C0801">
<createdBy>OmaShu</createdBy>
<createdTime>2019-12-11 06:26:56 UTC</createdTime>
<ownerDesignName>scm_jc13758322</ownerDesignName>
<importedID>A6C06F85-4DA4-6C13-3BA1-3D039BF02226</importedID>
<engineerTo>
<item key="0FD093BE-FA64-831E-5A80-73AF9C70FBBD" value="true"/>
</engineerTo>
<useDomainConstraints>false</useDomainConstraints>
<use>1</use>
<logicalDatatype>LOGDT024</logicalDatatype>
<dataTypeSize>100</dataTypeSize>
<ownDataTypeParameters>100,,</ownDataTypeParameters>
</Attribute>
<Attribute name="movie_rating" id="CE9729F7-42D3-4F81-7519-DF2F6424DBE4">
<createdBy>OmaShu</createdBy>
<createdTime>2019-12-11 06:26:56 UTC</createdTime>
<ownerDesignName>scm_jc13758322</ownerDesignName>
<importedID>C48F2D89-8DBD-6CD8-2332-5E4C522845A9</importedID>
<engineerTo>
<item key="0FD093BE-FA64-831E-5A80-73AF9C70FBBD" value="true"/>
</engineerTo>
<useDomainConstraints>false</useDomainConstraints>
<use>1</use>
<logicalDatatype>LOGDT024</logicalDatatype>
<dataTypeSize>10</dataTypeSize>
<ownDataTypeParameters>10,,</ownDataTypeParameters>
</Attribute>
<Attribute name="movie_released_date" id="1AB45509-5571-2297-AC74-6ADA086570A3">
<createdBy>OmaShu</createdBy>
<createdTime>2019-12-11 06:26:56 UTC</createdTime>
<ownerDesignName>scm_jc13758322</ownerDesignName>
<importedID>F23690BB-659F-5C5B-0770-0EEA9AF4D0E1</importedID>
<engineerTo>
<item key="0FD093BE-FA64-831E-5A80-73AF9C70FBBD" value="true"/>
</engineerTo>
<useDomainConstraints>false</useDomainConstraints>
<use>1</use>
<logicalDatatype>LOGDT007</logicalDatatype>
<ownDataTypeParameters>,,</ownDataTypeParameters>
</Attribute>
<Attribute name="movie_description" id="8463EC92-5052-11E3-8D0E-6074EEF06D0A">
<createdBy>OmaShu</createdBy>
<createdTime>2019-12-11 06:26:56 UTC</createdTime>
<ownerDesignName>scm_jc13758322</ownerDesignName>
<importedID>D10C0C62-7BD2-DF22-C009-34F89DAC780B</importedID>
<engineerTo>
<item key="0FD093BE-FA64-831E-5A80-73AF9C70FBBD" value="true"/>
</engineerTo>
<nullsAllowed>true</nullsAllowed>
<useDomainConstraints>false</useDomainConstraints>
<use>1</use>
<logicalDatatype>LOGDT024</logicalDatatype>
<dataTypeSize>400</dataTypeSize>
<ownDataTypeParameters>400,,</ownDataTypeParameters>
</Attribute>
<Attribute name="movie_length" id="D65A4A96-49C4-D6C0-6E2A-4BA8F17858A8">
<createdBy>OmaShu</createdBy>
<createdTime>2019-12-11 06:26:56 UTC</createdTime>
<ownerDesignName>scm_jc13758322</ownerDesignName>
<importedID>7EFC34D2-0B5A-84F3-229B-E22B5B7AE31F</importedID>
<engineerTo>
<item key="0FD093BE-FA64-831E-5A80-73AF9C70FBBD" value="true"/>
</engineerTo>
<useDomainConstraints>false</useDomainConstraints>
<use>1</use>
<logicalDatatype>LOGDT019</logicalDatatype>
<dataTypePrecision>3</dataTypePrecision>
<ownDataTypeParameters>,3,</ownDataTypeParameters>
</Attribute>
</attributes>
<identifiers itemClass="oracle.dbtools.crest.model.design.logical.CandidateKey">
<identifier id="2FCEAC9F-6405-ADC8-072C-44084AF4E470" name="Movie PK">
<createdBy>OmaShu</createdBy>
<createdTime>2019-12-11 06:26:56 UTC</createdTime>
<ownerDesignName>scm_jc13758322</ownerDesignName>
<shouldEngineer>false</shouldEngineer>
<engineerTo>
<item key="0FD093BE-FA64-831E-5A80-73AF9C70FBBD" value="false"/>
</engineerTo>
<pk>true</pk>
<usedAttributes>
<attributeRef>F514393F-F1AB-132F-BCEB-61B657F13FE9</attributeRef>
</usedAttributes>
</identifier>
</identifiers>
</Entity>