<?xml version = '1.0' encoding = 'UTF-8'?>
<Entity class="oracle.dbtools.crest.model.design.logical.Entity" directorySegmentName="seg_0" id="4FFB1B8A-B0BA-B03B-5645-D9E5CF2F101B" name="Employee">
<createdBy>OmaShu</createdBy>
<createdTime>2019-12-11 06:26:56 UTC</createdTime>
<ownerDesignName>scm_jc13758322</ownerDesignName>
<engineerTo>
<item key="1868C2DE-6006-AEC8-D176-686E7EFAE1E6" value="true"/>
</engineerTo>
<adequatelyNormalized>NO</adequatelyNormalized>
<expectedVolumes>0</expectedVolumes>
<fwdEngineeringStrategyName>Single Table</fwdEngineeringStrategyName>
<growthPercent>0</growthPercent>
<growthType>Year</growthType>
<maxVolumes>9999999</maxVolumes>
<minVolumes>0</minVolumes>
<normalForm>Third</normalForm>
<attributes itemClass="oracle.dbtools.crest.model.design.logical.Attribute">
<Attribute name="e_id" id="6551189C-8694-529C-30D7-A80E81BA94DF">
<createdBy>OmaShu</createdBy>
<createdTime>2019-12-11 06:26:56 UTC</createdTime>
<ownerDesignName>scm_jc13758322</ownerDesignName>
<importedID>2BA5693A-94DA-7904-9339-4310CC382862</importedID>
<engineerTo>
<item key="1868C2DE-6006-AEC8-D176-686E7EFAE1E6" value="true"/>
</engineerTo>
<useDomainConstraints>false</useDomainConstraints>
<use>1</use>
<logicalDatatype>LOGDT019</logicalDatatype>
<dataTypePrecision>3</dataTypePrecision>
<ownDataTypeParameters>,3,</ownDataTypeParameters>
</Attribute>
<Attribute name="e_fname" id="1B79B302-A3FA-54C9-B8D5-8F2FC469C421">
<createdBy>OmaShu</createdBy>
<createdTime>2019-12-11 06:26:56 UTC</createdTime>
<ownerDesignName>scm_jc13758322</ownerDesignName>
<importedID>918A34C4-88C0-7863-43EE-A898CB851DFA</importedID>
<engineerTo>
<item key="1868C2DE-6006-AEC8-D176-686E7EFAE1E6" value="true"/>
</engineerTo>
<useDomainConstraints>false</useDomainConstraints>
<use>1</use>
<logicalDatatype>LOGDT024</logicalDatatype>
<dataTypeSize>30</dataTypeSize>
<ownDataTypeParameters>30,,</ownDataTypeParameters>
</Attribute>
<Attribute name="e_lname" id="D795A4B4-B4F7-182C-7F2A-CA87B956FA07">
<createdBy>OmaShu</createdBy>
<createdTime>2019-12-11 06:26:56 UTC</createdTime>
<ownerDesignName>scm_jc13758322</ownerDesignName>
<importedID>147FF930-BAAD-B7A0-C281-6251D6615B90</importedID>
<engineerTo>
<item key="1868C2DE-6006-AEC8-D176-686E7EFAE1E6" value="true"/>
</engineerTo>
<useDomainConstraints>false</useDomainConstraints>
<use>1</use>
<logicalDatatype>LOGDT024</logicalDatatype>
<dataTypeSize>30</dataTypeSize>
<ownDataTypeParameters>30,,</ownDataTypeParameters>
</Attribute>
<Attribute name="e_email" id="850A1138-C2FF-C4DF-6D91-8CAA27A2BE2E">
<createdBy>OmaShu</createdBy>
<createdTime>2019-12-11 06:26:56 UTC</createdTime>
<ownerDesignName>scm_jc13758322</ownerDesignName>
<importedID>578F9E48-2282-034E-82FA-87F138371E20</importedID>
<engineerTo>
<item key="1868C2DE-6006-AEC8-D176-686E7EFAE1E6" value="true"/>
</engineerTo>
<useDomainConstraints>false</useDomainConstraints>
<use>1</use>
<logicalDatatype>LOGDT024</logicalDatatype>
<dataTypeSize>50</dataTypeSize>
<ownDataTypeParameters>50,,</ownDataTypeParameters>
</Attribute>
<Attribute name="e_phone" id="7F30DF36-61D0-292F-EF7B-56776B65019E">
<createdBy>OmaShu</createdBy>
<createdTime>2019-12-11 06:26:56 UTC</createdTime>
<ownerDesignName>scm_jc13758322</ownerDesignName>
<importedID>549953C9-8A56-129B-B6B1-C8FDFECB484F</importedID>
<engineerTo>
<item key="1868C2DE-6006-AEC8-D176-686E7EFAE1E6" value="true"/>
</engineerTo>
<useDomainConstraints>false</useDomainConstraints>
<use>1</use>
<logicalDatatype>LOGDT024</logicalDatatype>
<dataTypeSize>20</dataTypeSize>
<ownDataTypeParameters>20,,</ownDataTypeParameters>
</Attribute>
<Attribute name="e_street" id="676B80F0-AEE6-E211-8F7B-6D25CAA26AF5">
<createdBy>OmaShu</createdBy>
<createdTime>2019-12-11 06:26:56 UTC</createdTime>
<ownerDesignName>scm_jc13758322</ownerDesignName>
<importedID>9A3428A9-8D71-FCB7-8ECA-69558A4AEFD5</importedID>
<engineerTo>
<item key="1868C2DE-6006-AEC8-D176-686E7EFAE1E6" value="true"/>
</engineerTo>
<useDomainConstraints>false</useDomainConstraints>
<use>1</use>
<logicalDatatype>LOGDT024</logicalDatatype>
<dataTypeSize>50</dataTypeSize>
<ownDataTypeParameters>50,,</ownDataTypeParameters>
</Attribute>
<Attribute name="e_suburb" id="C6E09382-34EE-0E9A-DCF0-B24DB85F655D">
<createdBy>OmaShu</createdBy>
<createdTime>2019-12-11 06:26:56 UTC</createdTime>
<ownerDesignName>scm_jc13758322</ownerDesignName>
<importedID>E93C8163-6514-0816-4836-ABE742B4EF3A</importedID>
<engineerTo>
<item key="1868C2DE-6006-AEC8-D176-686E7EFAE1E6" value="true"/>
</engineerTo>
<useDomainConstraints>false</useDomainConstraints>
<use>1</use>
<logicalDatatype>LOGDT024</logicalDatatype>
<dataTypeSize>30</dataTypeSize>
<ownDataTypeParameters>30,,</ownDataTypeParameters>
</Attribute>
<Attribute name="e_postcode" id="5C144CEB-4F45-43D6-2B05-E933EFA16C57">
<createdBy>OmaShu</createdBy>
<createdTime>2019-12-11 06:26:56 UTC</createdTime>
<ownerDesignName>scm_jc13758322</ownerDesignName>
<importedID>3359FB98-BD40-987F-4558-E0A75EFEE08F</importedID>
<engineerTo>
<item key="1868C2DE-6006-AEC8-D176-686E7EFAE1E6" value="true"/>
</engineerTo>
<useDomainConstraints>false</useDomainConstraints>
<use>1</use>
<logicalDatatype>LOGDT024</logicalDatatype>
<dataTypeSize>4</dataTypeSize>
<ownDataTypeParameters>4,,</ownDataTypeParameters>
</Attribute>
<Attribute name="e_gender" id="C4DEA7C0-13F4-9DAB-F91A-D98599997E14">
<createdBy>OmaShu</createdBy>
<createdTime>2019-12-11 06:26:56 UTC</createdTime>
<ownerDesignName>scm_jc13758322</ownerDesignName>
<importedID>161D6F77-D3C0-7641-7945-7468AF717535</importedID>
<engineerTo>
<item key="1868C2DE-6006-AEC8-D176-686E7EFAE1E6" value="true"/>
</engineerTo>
<useDomainConstraints>false</useDomainConstraints>
<use>1</use>
<logicalDatatype>LOGDT024</logicalDatatype>
<dataTypeSize>1</dataTypeSize>
<ownDataTypeParameters>1,,</ownDataTypeParameters>
</Attribute>
<Attribute name="date_employed" id="513458B5-72E3-7BB7-9013-EF4B95166285">
<createdBy>OmaShu</createdBy>
<createdTime>2019-12-11 06:26:56 UTC</createdTime>
<ownerDesignName>scm_jc13758322</ownerDesignName>
<importedID>CEC9F2B8-D930-EE12-8BC0-70C775B9D12D</importedID>
<engineerTo>
<item key="1868C2DE-6006-AEC8-D176-686E7EFAE1E6" value="true"/>
</engineerTo>
<useDomainConstraints>false</useDomainConstraints>
<use>1</use>
<logicalDatatype>LOGDT007</logicalDatatype>
<ownDataTypeParameters>,,</ownDataTypeParameters>
</Attribute>
</attributes>
<identifiers itemClass="oracle.dbtools.crest.model.design.logical.CandidateKey">
<identifier id="A1E26619-9062-773E-C20A-664913C4B38E" name="Employee PK">
<createdBy>OmaShu</createdBy>
<createdTime>2019-12-11 06:26:56 UTC</createdTime>
<ownerDesignName>scm_jc13758322</ownerDesignName>
<engineerTo>
<item key="1868C2DE-6006-AEC8-D176-686E7EFAE1E6" value="true"/>
</engineerTo>
<pk>true</pk>
<usedAttributes>
<attributeRef>6551189C-8694-529C-30D7-A80E81BA94DF</attributeRef>
</usedAttributes>
</identifier>
</identifiers>
</Entity>