<?xml version = '1.0' encoding = 'UTF-8'?>
<Entity class="oracle.dbtools.crest.model.design.logical.Entity" directorySegmentName="seg_0" id="9F521FED-2234-C9F2-1381-3F06E39B7CFB" name="Ticket_Type">
<createdBy>OmaShu</createdBy>
<createdTime>2019-12-11 06:26:56 UTC</createdTime>
<ownerDesignName>scm_jc13758322</ownerDesignName>
<engineerTo>
<item key="10FBF1DA-3E77-B193-0075-4A45185D48B7" value="true"/>
</engineerTo>
<adequatelyNormalized>NO</adequatelyNormalized>
<expectedVolumes>0</expectedVolumes>
<fwdEngineeringStrategyName>Single Table</fwdEngineeringStrategyName>
<growthPercent>0</growthPercent>
<growthType>Year</growthType>
<maxVolumes>9999999</maxVolumes>
<minVolumes>0</minVolumes>
<normalForm>Third</normalForm>
<attributes itemClass="oracle.dbtools.crest.model.design.logical.Attribute">
<Attribute name="t_type_id" id="3725846B-B3A6-5E8F-322B-CFC86C8E4612">
<createdBy>OmaShu</createdBy>
<createdTime>2019-12-11 06:26:56 UTC</createdTime>
<ownerDesignName>scm_jc13758322</ownerDesignName>
<importedID>F675FAA5-2FB8-1DA1-5918-A67E9BE48F30</importedID>
<engineerTo>
<item key="10FBF1DA-3E77-B193-0075-4A45185D48B7" value="true"/>
</engineerTo>
<useDomainConstraints>false</useDomainConstraints>
<use>1</use>
<logicalDatatype>LOGDT019</logicalDatatype>
<dataTypePrecision>1</dataTypePrecision>
<ownDataTypeParameters>,1,</ownDataTypeParameters>
</Attribute>
<Attribute name="t_type" id="0CE49DCA-197A-5476-62F3-F40CB6533E96">
<createdBy>OmaShu</createdBy>
<createdTime>2019-12-11 06:26:56 UTC</createdTime>
<ownerDesignName>scm_jc13758322</ownerDesignName>
<importedID>CEA5B8DE-4695-2177-B6EE-979FE8ED77F9</importedID>
<engineerTo>
<item key="10FBF1DA-3E77-B193-0075-4A45185D48B7" value="true"/>
</engineerTo>
<useDomainConstraints>false</useDomainConstraints>
<use>1</use>
<logicalDatatype>LOGDT024</logicalDatatype>
<dataTypeSize>20</dataTypeSize>
<ownDataTypeParameters>20,,</ownDataTypeParameters>
</Attribute>
<Attribute name="t_type_price" id="09672AC7-63F2-B040-625C-D807C59F82DC">
<createdBy>OmaShu</createdBy>
<createdTime>2019-12-11 06:26:56 UTC</createdTime>
<ownerDesignName>scm_jc13758322</ownerDesignName>
<importedID>96ADECB8-F32C-CD2D-79BE-6C3461DA9190</importedID>
<engineerTo>
<item key="10FBF1DA-3E77-B193-0075-4A45185D48B7" value="true"/>
</engineerTo>
<useDomainConstraints>false</useDomainConstraints>
<use>1</use>
<logicalDatatype>LOGDT019</logicalDatatype>
<dataTypePrecision>4</dataTypePrecision>
<dataTypeScale>2</dataTypeScale>
<ownDataTypeParameters>,4,2</ownDataTypeParameters>
</Attribute>
<Attribute name="t_type_start_date" id="203C64E1-5996-559E-D78D-7E21964C5C08">
<createdBy>OmaShu</createdBy>
<createdTime>2019-12-11 06:26:56 UTC</createdTime>
<ownerDesignName>scm_jc13758322</ownerDesignName>
<importedID>5086DE65-F030-7E72-C78C-EBA3EBAD2423</importedID>
<engineerTo>
<item key="10FBF1DA-3E77-B193-0075-4A45185D48B7" value="true"/>
</engineerTo>
<useDomainConstraints>false</useDomainConstraints>
<use>1</use>
<logicalDatatype>LOGDT007</logicalDatatype>
<ownDataTypeParameters>,,</ownDataTypeParameters>
</Attribute>
<Attribute name="t_type_end_date" id="1AB55DA3-22C6-1937-0C0C-7FED4F2D3C5C">
<createdBy>OmaShu</createdBy>
<createdTime>2019-12-11 06:26:56 UTC</createdTime>
<ownerDesignName>scm_jc13758322</ownerDesignName>
<importedID>454E29DC-9397-81FF-AB8B-D82881BDE90A</importedID>
<engineerTo>
<item key="10FBF1DA-3E77-B193-0075-4A45185D48B7" value="true"/>
</engineerTo>
<nullsAllowed>true</nullsAllowed>
<useDomainConstraints>false</useDomainConstraints>
<use>1</use>
<logicalDatatype>LOGDT007</logicalDatatype>
<ownDataTypeParameters>,,</ownDataTypeParameters>
</Attribute>
</attributes>
<identifiers itemClass="oracle.dbtools.crest.model.design.logical.CandidateKey">
<identifier id="4F6A99D8-F4C7-6192-2702-584242FA8C68" name="Ticket_Type PK">
<createdBy>OmaShu</createdBy>
<createdTime>2019-12-11 06:26:56 UTC</createdTime>
<ownerDesignName>scm_jc13758322</ownerDesignName>
<engineerTo>
<item key="10FBF1DA-3E77-B193-0075-4A45185D48B7" value="true"/>
</engineerTo>
<pk>true</pk>
<usedAttributes>
<attributeRef>3725846B-B3A6-5E8F-322B-CFC86C8E4612</attributeRef>
</usedAttributes>
</identifier>
</identifiers>
</Entity>