<?xml version = '1.0' encoding = 'UTF-8'?>
<Entity class="oracle.dbtools.crest.model.design.logical.Entity" directorySegmentName="seg_0" id="FADF7EF7-E9CC-38D9-1C63-E2F6D6F2CA6B" name="Seat">
<createdBy>OmaShu</createdBy>
<createdTime>2019-12-11 06:26:56 UTC</createdTime>
<ownerDesignName>scm_jc13758322</ownerDesignName>
<engineerTo>
<item key="0FD093BE-FA64-831E-5A80-73AF9C70FBBD" value="true"/>
</engineerTo>
<adequatelyNormalized>NO</adequatelyNormalized>
<expectedVolumes>0</expectedVolumes>
<fwdEngineeringStrategyName>Single Table</fwdEngineeringStrategyName>
<growthPercent>0</growthPercent>
<growthType>Year</growthType>
<maxVolumes>9999999</maxVolumes>
<minVolumes>0</minVolumes>
<normalForm>Third</normalForm>
<attributes itemClass="oracle.dbtools.crest.model.design.logical.Attribute">
<Attribute name="seat_id" id="25D056BA-E704-7318-1F86-208CBF006AB4">
<createdBy>OmaShu</createdBy>
<createdTime>2019-12-11 06:26:56 UTC</createdTime>
<ownerDesignName>scm_jc13758322</ownerDesignName>
<importedID>2670C300-C040-6AFD-22FC-6D477D36D93E</importedID>
<engineerTo>
<item key="0FD093BE-FA64-831E-5A80-73AF9C70FBBD" value="true"/>
</engineerTo>
<useDomainConstraints>false</useDomainConstraints>
<use>1</use>
<logicalDatatype>LOGDT019</logicalDatatype>
<dataTypePrecision>5</dataTypePrecision>
<ownDataTypeParameters>,5,</ownDataTypeParameters>
</Attribute>
<Attribute name="seat_number" id="4DF18DD9-EA84-0E13-1704-339B840E1DDD">
<createdBy>OmaShu</createdBy>
<createdTime>2019-12-11 06:26:56 UTC</createdTime>
<ownerDesignName>scm_jc13758322</ownerDesignName>
<importedID>340E3A6C-6546-0A54-001F-DEA84FBAA64D</importedID>
<engineerTo>
<item key="0FD093BE-FA64-831E-5A80-73AF9C70FBBD" value="true"/>
</engineerTo>
<useDomainConstraints>false</useDomainConstraints>
<use>1</use>
<logicalDatatype>LOGDT019</logicalDatatype>
<dataTypePrecision>3</dataTypePrecision>
<ownDataTypeParameters>,3,</ownDataTypeParameters>
</Attribute>
<Attribute name="row_id" id="656AD12D-60F4-CDFD-77ED-D046BD80C6E7">
<createdBy>OmaShu</createdBy>
<createdTime>2019-12-11 06:26:56 UTC</createdTime>
<generatorID>8242434C-72D9-D529-AFD6-5DFD176EC061</generatorID>
<ownerDesignName>scm_jc13758322</ownerDesignName>
<importedID>5F77E1E4-A9AD-963F-4779-DB33B5FB2EB4</importedID>
<engineerTo>
<item key="0FD093BE-FA64-831E-5A80-73AF9C70FBBD" value="true"/>
</engineerTo>
<referedAttribute>11716D61-0A6A-C146-0E89-ACDC16323DA8</referedAttribute>
<useDomainConstraints>false</useDomainConstraints>
<use>1</use>
<logicalDatatype>LOGDT019</logicalDatatype>
<dataTypePrecision>4</dataTypePrecision>
<ownDataTypeParameters>,4,</ownDataTypeParameters>
</Attribute>
</attributes>
<identifiers itemClass="oracle.dbtools.crest.model.design.logical.CandidateKey">
<identifier id="108A415C-E60C-1DD7-49C1-9CA67068A313" name="Seat PK">
<createdBy>OmaShu</createdBy>
<createdTime>2019-12-11 06:26:56 UTC</createdTime>
<ownerDesignName>scm_jc13758322</ownerDesignName>
<shouldEngineer>false</shouldEngineer>
<engineerTo>
<item key="0FD093BE-FA64-831E-5A80-73AF9C70FBBD" value="false"/>
</engineerTo>
<pk>true</pk>
<usedAttributes>
<attributeRef>25D056BA-E704-7318-1F86-208CBF006AB4</attributeRef>
</usedAttributes>
</identifier>
</identifiers>
</Entity>