<?xml version = '1.0' encoding = 'UTF-8'?>
<Table class="oracle.dbtools.crest.model.design.relational.Table" directorySegmentName="seg_0" id="4EA807E5-F87B-DFF8-89FB-FE50DF13B0FE" name="Screening">
<createdBy>OmaShu</createdBy>
<createdTime>2019-12-12 17:50:18 UTC</createdTime>
<generatorID>F9EAE27C-053E-6B1F-3B4B-BD1C24AA47B8</generatorID>
<ownerDesignName>scm_jc13758322</ownerDesignName>
<allowColumnReorder>false</allowColumnReorder>
<existDependencyGenerateInDDl>true</existDependencyGenerateInDDl>
<parsed>true</parsed>
<columns itemClass="oracle.dbtools.crest.model.design.relational.Column">
<Column name="screening_id" id="0078C27D-CD97-0ADD-B1B3-15DDA7719BE3">
<createdBy>OmaShu</createdBy>
<createdTime>2019-12-12 17:50:18 UTC</createdTime>
<generatorID>D9A07EDD-A194-F8E4-3B39-FA689F6CD0F7</generatorID>
<ownerDesignName>scm_jc13758322</ownerDesignName>
<useDomainConstraints>false</useDomainConstraints>
<use>1</use>
<logicalDatatype>LOGDT019</logicalDatatype>
<dataTypePrecision>6</dataTypePrecision>
<ownDataTypeParameters>,6,</ownDataTypeParameters>
<autoIncrementCycle>false</autoIncrementCycle>
</Column>
<Column name="screening_date" id="67476545-3295-E1E7-1E9A-EC3CE370831B">
<createdBy>OmaShu</createdBy>
<createdTime>2019-12-12 17:50:18 UTC</createdTime>
<generatorID>993A6B32-BE75-9311-D6E6-430091953281</generatorID>
<ownerDesignName>scm_jc13758322</ownerDesignName>
<useDomainConstraints>false</useDomainConstraints>
<use>1</use>
<logicalDatatype>LOGDT007</logicalDatatype>
<ownDataTypeParameters>,,</ownDataTypeParameters>
<autoIncrementCycle>false</autoIncrementCycle>
</Column>
<Column name="screening_start_hh24" id="B8D29383-D191-20B0-00DA-275DDEEB34BE">
<createdBy>OmaShu</createdBy>
<createdTime>2019-12-12 17:50:18 UTC</createdTime>
<generatorID>EF89140B-2544-96DC-7744-25D361A9A6A0</generatorID>
<ownerDesignName>scm_jc13758322</ownerDesignName>
<useDomainConstraints>false</useDomainConstraints>
<use>1</use>
<logicalDatatype>LOGDT019</logicalDatatype>
<dataTypePrecision>2</dataTypePrecision>
<ownDataTypeParameters>,2,</ownDataTypeParameters>
<autoIncrementCycle>false</autoIncrementCycle>
</Column>
<Column name="screening_start_mm60" id="AC671B3E-C49D-3C29-6B36-ABEA2387FC8F">
<createdBy>OmaShu</createdBy>
<createdTime>2019-12-12 17:50:18 UTC</createdTime>
<generatorID>929E2003-DE9A-7EC3-131C-62318271A965</generatorID>
<ownerDesignName>scm_jc13758322</ownerDesignName>
<useDomainConstraints>false</useDomainConstraints>
<use>1</use>
<logicalDatatype>LOGDT019</logicalDatatype>
<dataTypePrecision>2</dataTypePrecision>
<ownDataTypeParameters>,2,</ownDataTypeParameters>
<autoIncrementCycle>false</autoIncrementCycle>
</Column>
<Column name="theatre_id" id="7B391D0C-4C20-7CF0-6FDE-9C87BF082030">
<createdBy>OmaShu</createdBy>
<createdTime>2019-12-12 17:50:18 UTC</createdTime>
<generatorID>B949CC1C-900A-9BC0-78D0-18533CCBAFAB</generatorID>
<ownerDesignName>scm_jc13758322</ownerDesignName>
<useDomainConstraints>false</useDomainConstraints>
<use>1</use>
<logicalDatatype>LOGDT019</logicalDatatype>
<dataTypePrecision>1</dataTypePrecision>
<ownDataTypeParameters>,,</ownDataTypeParameters>
<previousColumn>false</previousColumn>
<autoIncrementCycle>false</autoIncrementCycle>
<associations>
<colAssociation fkAssociation="EDDB3C12-1A43-AAC6-54B1-F97C41D0975E" referredColumn="9856376E-6611-5256-1DF9-58C0DDC5ED39"/>
</associations>
</Column>
<Column name="plan_id" id="FD20B1EB-9FF4-2599-CDBB-9EEFC60DB7A9">
<createdBy>OmaShu</createdBy>
<createdTime>2019-12-12 17:50:18 UTC</createdTime>
<generatorID>DBA170BB-8DFA-4CD6-F3D5-646D3861C296</generatorID>
<ownerDesignName>scm_jc13758322</ownerDesignName>
<useDomainConstraints>false</useDomainConstraints>
<use>1</use>
<logicalDatatype>LOGDT019</logicalDatatype>
<dataTypePrecision>4</dataTypePrecision>
<ownDataTypeParameters>,,</ownDataTypeParameters>
<previousColumn>false</previousColumn>
<autoIncrementCycle>false</autoIncrementCycle>
<associations>
<colAssociation fkAssociation="3FC3E84A-249E-0CA2-C34C-FE899BE86A2A" referredColumn="456AEF6F-51BA-23E4-5886-8B3077901BC7"/>
</associations>
</Column>
</columns>
<indexes itemClass="oracle.dbtools.crest.model.design.relational.Index">
<ind_PK_UK id="533E9D44-6196-5068-1E6F-D1B461D94E0F" name="Screening_PK">
<createdBy>OmaShu</createdBy>
<createdTime>2019-12-12 17:50:18 UTC</createdTime>
<generatorID>47490E6D-7065-4000-CADA-D8DC688A4F6C</generatorID>
<ownerDesignName>scm_jc13758322</ownerDesignName>
<pk>true</pk>
<indexState>Primary Constraint</indexState>
<isSurrogateKey>false</isSurrogateKey>
<indexColumnUsage>
<colUsage columnID="0078C27D-CD97-0ADD-B1B3-15DDA7719BE3"/>
</indexColumnUsage>
</ind_PK_UK>
<ind_PK_UK id="98F2C285-415F-61A8-CA55-3954733E762E" name="Screening_Theatre_FK">
<createdBy>OmaShu</createdBy>
<createdTime>2019-12-12 17:50:18 UTC</createdTime>
<generatorID>4AC617C6-7308-1D47-3769-8A04EA1CAA02</generatorID>
<ownerDesignName>scm_jc13758322</ownerDesignName>
<indexState>Foreign Key</indexState>
<isSurrogateKey>false</isSurrogateKey>
<indexColumnUsage>
<colUsage columnID="7B391D0C-4C20-7CF0-6FDE-9C87BF082030"/>
</indexColumnUsage>
</ind_PK_UK>
<ind_PK_UK id="433BA9F5-5BB4-4D61-23B9-406FFF1CF257" name="Screening_Screening_Plan_FK">
<createdBy>OmaShu</createdBy>
<createdTime>2019-12-12 17:50:18 UTC</createdTime>
<generatorID>B073D56F-128D-90D0-1EFE-6D1CE58A7B05</generatorID>
<ownerDesignName>scm_jc13758322</ownerDesignName>
<indexState>Foreign Key</indexState>
<isSurrogateKey>false</isSurrogateKey>
<indexColumnUsage>
<colUsage columnID="FD20B1EB-9FF4-2599-CDBB-9EEFC60DB7A9"/>
</indexColumnUsage>
</ind_PK_UK>
</indexes>
</Table>