<?xml version = '1.0' encoding = 'UTF-8'?>
<Table class="oracle.dbtools.crest.model.design.relational.Table" directorySegmentName="seg_0" id="7B9E3577-B55E-2BB9-7041-6BD7FA3A900D" name="Ticket">
<createdBy>OmaShu</createdBy>
<createdTime>2019-12-12 17:50:18 UTC</createdTime>
<generatorID>234101CD-C523-199F-090C-3C6D50088414</generatorID>
<ownerDesignName>scm_jc13758322</ownerDesignName>
<allowColumnReorder>false</allowColumnReorder>
<existDependencyGenerateInDDl>true</existDependencyGenerateInDDl>
<parsed>true</parsed>
<columns itemClass="oracle.dbtools.crest.model.design.relational.Column">
<Column name="ticket_id" id="8878D6BC-33CD-7054-1EF0-C2AB44E05694">
<createdBy>OmaShu</createdBy>
<createdTime>2019-12-12 17:50:18 UTC</createdTime>
<generatorID>29C6B798-C776-B2D5-DADE-4B4E82093A4A</generatorID>
<ownerDesignName>scm_jc13758322</ownerDesignName>
<useDomainConstraints>false</useDomainConstraints>
<use>1</use>
<logicalDatatype>LOGDT019</logicalDatatype>
<dataTypePrecision>8</dataTypePrecision>
<ownDataTypeParameters>,8,</ownDataTypeParameters>
<autoIncrementCycle>false</autoIncrementCycle>
</Column>
<Column name="ticket_date" id="D2CD2F6C-01C3-CC65-29DB-E3C2AB1EADA4">
<createdBy>OmaShu</createdBy>
<createdTime>2019-12-12 17:50:18 UTC</createdTime>
<generatorID>7932276D-A56D-A305-DDAB-EFEBA0BA117E</generatorID>
<ownerDesignName>scm_jc13758322</ownerDesignName>
<useDomainConstraints>false</useDomainConstraints>
<use>1</use>
<logicalDatatype>LOGDT007</logicalDatatype>
<ownDataTypeParameters>,,</ownDataTypeParameters>
<autoIncrementCycle>false</autoIncrementCycle>
</Column>
<Column name="screening_id" id="A525E303-7E46-7C73-5BC6-4D2B3349DD95">
<createdBy>OmaShu</createdBy>
<createdTime>2019-12-12 17:50:18 UTC</createdTime>
<generatorID>D1027F46-CC95-56EE-280C-28CC25F8DF3D</generatorID>
<ownerDesignName>scm_jc13758322</ownerDesignName>
<useDomainConstraints>false</useDomainConstraints>
<use>1</use>
<logicalDatatype>LOGDT019</logicalDatatype>
<dataTypePrecision>6</dataTypePrecision>
<ownDataTypeParameters>,,</ownDataTypeParameters>
<previousColumn>false</previousColumn>
<autoIncrementCycle>false</autoIncrementCycle>
<associations>
<colAssociation fkAssociation="BF94D44F-9712-CE3F-5F77-E43627E70A06" referredColumn="0078C27D-CD97-0ADD-B1B3-15DDA7719BE3"/>
</associations>
</Column>
<Column name="t_type_id" id="9BA64F18-1478-DB13-956B-707EEEB56162">
<createdBy>OmaShu</createdBy>
<createdTime>2019-12-12 17:50:18 UTC</createdTime>
<generatorID>88D8F093-B8A4-E826-8BF1-A24E39E88A6E</generatorID>
<ownerDesignName>scm_jc13758322</ownerDesignName>
<useDomainConstraints>false</useDomainConstraints>
<use>1</use>
<logicalDatatype>LOGDT019</logicalDatatype>
<dataTypePrecision>1</dataTypePrecision>
<ownDataTypeParameters>,,</ownDataTypeParameters>
<previousColumn>false</previousColumn>
<autoIncrementCycle>false</autoIncrementCycle>
<associations>
<colAssociation fkAssociation="1426FF92-DED4-AB07-4A82-93D147CA5F8E" referredColumn="2DC90BB1-F479-B4E5-A40F-C9BF7EAC8789"/>
</associations>
</Column>
<Column name="seat_id" id="05F7CABB-F4A6-49DF-43FC-303B2D21BA66">
<createdBy>OmaShu</createdBy>
<createdTime>2019-12-12 17:50:18 UTC</createdTime>
<generatorID>1C9453C8-3965-3591-578C-34360E5250CD</generatorID>
<ownerDesignName>scm_jc13758322</ownerDesignName>
<useDomainConstraints>false</useDomainConstraints>
<use>1</use>
<logicalDatatype>LOGDT019</logicalDatatype>
<dataTypePrecision>5</dataTypePrecision>
<ownDataTypeParameters>,,</ownDataTypeParameters>
<previousColumn>false</previousColumn>
<autoIncrementCycle>false</autoIncrementCycle>
<associations>
<colAssociation fkAssociation="77F5EDCE-FBC8-D965-D839-FE37C2759E44" referredColumn="1B8391DC-D7BF-101B-F91C-7F4EDB4C3A24"/>
</associations>
</Column>
</columns>
<indexes itemClass="oracle.dbtools.crest.model.design.relational.Index">
<ind_PK_UK id="F2FF053B-F10E-659E-2954-BD8BCB267D18" name="Ticket_PK">
<createdBy>OmaShu</createdBy>
<createdTime>2019-12-12 17:50:18 UTC</createdTime>
<generatorID>480682DA-37C9-BF68-D57E-C681169173E1</generatorID>
<ownerDesignName>scm_jc13758322</ownerDesignName>
<pk>true</pk>
<indexState>Primary Constraint</indexState>
<isSurrogateKey>false</isSurrogateKey>
<indexColumnUsage>
<colUsage columnID="8878D6BC-33CD-7054-1EF0-C2AB44E05694"/>
</indexColumnUsage>
</ind_PK_UK>
<ind_PK_UK id="550DA8F5-1C96-00A7-D1BC-FF8D7CF0DEB4" name="Ticket_Screening_FK">
<createdBy>OmaShu</createdBy>
<createdTime>2019-12-12 17:50:18 UTC</createdTime>
<generatorID>8B9A6380-49CC-9E59-417A-FD48D8AD1B3C</generatorID>
<ownerDesignName>scm_jc13758322</ownerDesignName>
<indexState>Foreign Key</indexState>
<isSurrogateKey>false</isSurrogateKey>
<indexColumnUsage>
<colUsage columnID="A525E303-7E46-7C73-5BC6-4D2B3349DD95"/>
</indexColumnUsage>
</ind_PK_UK>
<ind_PK_UK id="BD037057-B4AB-08F9-806E-5DC3A102E823" name="Ticket_Ticket_Type_FK">
<createdBy>OmaShu</createdBy>
<createdTime>2019-12-12 17:50:18 UTC</createdTime>
<generatorID>D92E73E8-A3A3-AF5F-33C7-CBFD98FC1F9E</generatorID>
<ownerDesignName>scm_jc13758322</ownerDesignName>
<indexState>Foreign Key</indexState>
<isSurrogateKey>false</isSurrogateKey>
<indexColumnUsage>
<colUsage columnID="9BA64F18-1478-DB13-956B-707EEEB56162"/>
</indexColumnUsage>
</ind_PK_UK>
<ind_PK_UK id="58D0F055-5136-AE94-9515-9EC5B8ADAC99" name="Ticket_Seat_FK">
<createdBy>OmaShu</createdBy>
<createdTime>2019-12-12 17:50:18 UTC</createdTime>
<generatorID>BC36B1CF-F07F-FDFA-734B-22D4B881D837</generatorID>
<ownerDesignName>scm_jc13758322</ownerDesignName>
<indexState>Foreign Key</indexState>
<isSurrogateKey>false</isSurrogateKey>
<indexColumnUsage>
<colUsage columnID="05F7CABB-F4A6-49DF-43FC-303B2D21BA66"/>
</indexColumnUsage>
</ind_PK_UK>
</indexes>
</Table>