<?xml version = '1.0' encoding = 'UTF-8'?>
<Table class="oracle.dbtools.crest.model.design.relational.Table" directorySegmentName="seg_0" id="A23C4ADF-9CC0-128B-16E1-FC2B20FCC667" name="Seat">
<createdBy>OmaShu</createdBy>
<createdTime>2019-12-12 17:50:18 UTC</createdTime>
<generatorID>FADF7EF7-E9CC-38D9-1C63-E2F6D6F2CA6B</generatorID>
<ownerDesignName>scm_jc13758322</ownerDesignName>
<allowColumnReorder>false</allowColumnReorder>
<existDependencyGenerateInDDl>true</existDependencyGenerateInDDl>
<parsed>true</parsed>
<columns itemClass="oracle.dbtools.crest.model.design.relational.Column">
<Column name="seat_id" id="1B8391DC-D7BF-101B-F91C-7F4EDB4C3A24">
<createdBy>OmaShu</createdBy>
<createdTime>2019-12-12 17:50:18 UTC</createdTime>
<generatorID>25D056BA-E704-7318-1F86-208CBF006AB4</generatorID>
<ownerDesignName>scm_jc13758322</ownerDesignName>
<useDomainConstraints>false</useDomainConstraints>
<use>1</use>
<logicalDatatype>LOGDT019</logicalDatatype>
<dataTypePrecision>5</dataTypePrecision>
<ownDataTypeParameters>,5,</ownDataTypeParameters>
<autoIncrementCycle>false</autoIncrementCycle>
</Column>
<Column name="seat_number" id="3D15A229-18ED-5CDF-2BDB-C8D9706201B2">
<createdBy>OmaShu</createdBy>
<createdTime>2019-12-12 17:50:18 UTC</createdTime>
<generatorID>4DF18DD9-EA84-0E13-1704-339B840E1DDD</generatorID>
<ownerDesignName>scm_jc13758322</ownerDesignName>
<useDomainConstraints>false</useDomainConstraints>
<use>1</use>
<logicalDatatype>LOGDT019</logicalDatatype>
<dataTypePrecision>3</dataTypePrecision>
<ownDataTypeParameters>,3,</ownDataTypeParameters>
<autoIncrementCycle>false</autoIncrementCycle>
</Column>
<Column name="row_id" id="BF1A4826-BBDD-4EE7-811B-E0F18A25121B">
<createdBy>OmaShu</createdBy>
<createdTime>2019-12-12 17:50:18 UTC</createdTime>
<generatorID>656AD12D-60F4-CDFD-77ED-D046BD80C6E7</generatorID>
<ownerDesignName>scm_jc13758322</ownerDesignName>
<useDomainConstraints>false</useDomainConstraints>
<use>1</use>
<logicalDatatype>LOGDT019</logicalDatatype>
<dataTypePrecision>4</dataTypePrecision>
<ownDataTypeParameters>,,</ownDataTypeParameters>
<previousColumn>false</previousColumn>
<autoIncrementCycle>false</autoIncrementCycle>
<associations>
<colAssociation fkAssociation="BED1F64E-CDCD-5CA5-4E83-749B1012CEDC" referredColumn="C6F75524-5457-81F9-26D2-E9124BE09ECE"/>
</associations>
</Column>
</columns>
<indexes itemClass="oracle.dbtools.crest.model.design.relational.Index">
<ind_PK_UK id="46873A22-3D10-4F65-A6E2-14ABAD04D6D5" name="Seat_PK">
<createdBy>OmaShu</createdBy>
<createdTime>2019-12-12 17:50:18 UTC</createdTime>
<generatorID>108A415C-E60C-1DD7-49C1-9CA67068A313</generatorID>
<ownerDesignName>scm_jc13758322</ownerDesignName>
<pk>true</pk>
<indexState>Primary Constraint</indexState>
<isSurrogateKey>false</isSurrogateKey>
<indexColumnUsage>
<colUsage columnID="1B8391DC-D7BF-101B-F91C-7F4EDB4C3A24"/>
</indexColumnUsage>
</ind_PK_UK>
<ind_PK_UK id="7B2EA277-8DB2-4F21-F8F0-51454DF10E2F" name="Seat_Theatre_Row_FK">
<createdBy>OmaShu</createdBy>
<createdTime>2019-12-12 17:50:18 UTC</createdTime>
<generatorID>8242434C-72D9-D529-AFD6-5DFD176EC061</generatorID>
<ownerDesignName>scm_jc13758322</ownerDesignName>
<indexState>Foreign Key</indexState>
<isSurrogateKey>false</isSurrogateKey>
<indexColumnUsage>
<colUsage columnID="BF1A4826-BBDD-4EE7-811B-E0F18A25121B"/>
</indexColumnUsage>
</ind_PK_UK>
</indexes>
</Table>