<?xml version = '1.0' encoding = 'UTF-8'?>
<Table class="oracle.dbtools.crest.model.design.relational.Table" directorySegmentName="seg_0" id="B4A564A9-53B2-8BE9-93A2-BB8D241CE35B" name="Movie">
<createdBy>OmaShu</createdBy>
<createdTime>2019-12-12 17:50:18 UTC</createdTime>
<generatorID>4A42C0E6-097A-4489-5F9A-01CCE75FCA81</generatorID>
<ownerDesignName>scm_jc13758322</ownerDesignName>
<allowColumnReorder>false</allowColumnReorder>
<existDependencyGenerateInDDl>true</existDependencyGenerateInDDl>
<parsed>true</parsed>
<columns itemClass="oracle.dbtools.crest.model.design.relational.Column">
<Column name="movie_id" id="E2C0FADA-F9BC-5FDB-0AA4-4A8ED25BE85B">
<createdBy>OmaShu</createdBy>
<createdTime>2019-12-12 17:50:18 UTC</createdTime>
<generatorID>F514393F-F1AB-132F-BCEB-61B657F13FE9</generatorID>
<ownerDesignName>scm_jc13758322</ownerDesignName>
<useDomainConstraints>false</useDomainConstraints>
<use>1</use>
<logicalDatatype>LOGDT019</logicalDatatype>
<dataTypePrecision>4</dataTypePrecision>
<ownDataTypeParameters>,4,</ownDataTypeParameters>
<autoIncrementCycle>false</autoIncrementCycle>
</Column>
<Column name="movie_title" id="58764B9C-D51C-780E-85D3-2F52263BD53F">
<createdBy>OmaShu</createdBy>
<createdTime>2019-12-12 17:50:18 UTC</createdTime>
<generatorID>8DF1A510-975C-6C6B-7732-0193014C0801</generatorID>
<ownerDesignName>scm_jc13758322</ownerDesignName>
<useDomainConstraints>false</useDomainConstraints>
<use>1</use>
<logicalDatatype>LOGDT024</logicalDatatype>
<dataTypeSize>100</dataTypeSize>
<ownDataTypeParameters>100,,</ownDataTypeParameters>
<autoIncrementCycle>false</autoIncrementCycle>
</Column>
<Column name="movie_rating" id="4DAEB63A-3A2A-208F-74C5-41D95526DF81">
<createdBy>OmaShu</createdBy>
<createdTime>2019-12-12 17:50:18 UTC</createdTime>
<generatorID>CE9729F7-42D3-4F81-7519-DF2F6424DBE4</generatorID>
<ownerDesignName>scm_jc13758322</ownerDesignName>
<useDomainConstraints>false</useDomainConstraints>
<use>1</use>
<logicalDatatype>LOGDT024</logicalDatatype>
<dataTypeSize>10</dataTypeSize>
<ownDataTypeParameters>10,,</ownDataTypeParameters>
<autoIncrementCycle>false</autoIncrementCycle>
</Column>
<Column name="movie_released_date" id="7ACB2C4B-2514-7015-84F1-979A166A78F2">
<createdBy>OmaShu</createdBy>
<createdTime>2019-12-12 17:50:18 UTC</createdTime>
<generatorID>1AB45509-5571-2297-AC74-6ADA086570A3</generatorID>
<ownerDesignName>scm_jc13758322</ownerDesignName>
<useDomainConstraints>false</useDomainConstraints>
<use>1</use>
<logicalDatatype>LOGDT007</logicalDatatype>
<ownDataTypeParameters>,,</ownDataTypeParameters>
<autoIncrementCycle>false</autoIncrementCycle>
</Column>
<Column name="movie_description" id="A51D5C26-28F0-5FF9-84A7-4887244D00F4">
<createdBy>OmaShu</createdBy>
<createdTime>2019-12-12 17:50:18 UTC</createdTime>
<generatorID>8463EC92-5052-11E3-8D0E-6074EEF06D0A</generatorID>
<ownerDesignName>scm_jc13758322</ownerDesignName>
<nullsAllowed>true</nullsAllowed>
<useDomainConstraints>false</useDomainConstraints>
<use>1</use>
<logicalDatatype>LOGDT024</logicalDatatype>
<dataTypeSize>400</dataTypeSize>
<ownDataTypeParameters>400,,</ownDataTypeParameters>
<autoIncrementCycle>false</autoIncrementCycle>
</Column>
<Column name="movie_length" id="EB53012F-9225-72C6-9F9B-6A21F67F7600">
<createdBy>OmaShu</createdBy>
<createdTime>2019-12-12 17:50:18 UTC</createdTime>
<generatorID>D65A4A96-49C4-D6C0-6E2A-4BA8F17858A8</generatorID>
<ownerDesignName>scm_jc13758322</ownerDesignName>
<useDomainConstraints>false</useDomainConstraints>
<use>1</use>
<logicalDatatype>LOGDT019</logicalDatatype>
<dataTypePrecision>3</dataTypePrecision>
<ownDataTypeParameters>,3,</ownDataTypeParameters>
<autoIncrementCycle>false</autoIncrementCycle>
</Column>
</columns>
<indexes itemClass="oracle.dbtools.crest.model.design.relational.Index">
<ind_PK_UK id="C6D406AD-8E1B-AACD-70AC-48D9BD3F3F95" name="Movie_PK">
<createdBy>OmaShu</createdBy>
<createdTime>2019-12-12 17:50:18 UTC</createdTime>
<generatorID>2FCEAC9F-6405-ADC8-072C-44084AF4E470</generatorID>
<ownerDesignName>scm_jc13758322</ownerDesignName>
<pk>true</pk>
<indexState>Primary Constraint</indexState>
<isSurrogateKey>false</isSurrogateKey>
<indexColumnUsage>
<colUsage columnID="E2C0FADA-F9BC-5FDB-0AA4-4A8ED25BE85B"/>
</indexColumnUsage>
</ind_PK_UK>
</indexes>
</Table>