<?xml version = '1.0' encoding = 'UTF-8'?>
<Table class="oracle.dbtools.crest.model.design.relational.Table" directorySegmentName="seg_0" id="D18CFB23-1D7F-7847-1515-DB4A56F2CF44" name="Employee">
<createdBy>OmaShu</createdBy>
<createdTime>2019-12-12 17:50:18 UTC</createdTime>
<generatorID>4FFB1B8A-B0BA-B03B-5645-D9E5CF2F101B</generatorID>
<ownerDesignName>scm_jc13758322</ownerDesignName>
<allowColumnReorder>false</allowColumnReorder>
<existDependencyGenerateInDDl>true</existDependencyGenerateInDDl>
<parsed>true</parsed>
<columns itemClass="oracle.dbtools.crest.model.design.relational.Column">
<Column name="e_id" id="B7101A75-D8F7-63B1-DB21-33B0F629C34B">
<createdBy>OmaShu</createdBy>
<createdTime>2019-12-12 17:50:18 UTC</createdTime>
<generatorID>6551189C-8694-529C-30D7-A80E81BA94DF</generatorID>
<ownerDesignName>scm_jc13758322</ownerDesignName>
<useDomainConstraints>false</useDomainConstraints>
<use>1</use>
<logicalDatatype>LOGDT019</logicalDatatype>
<dataTypePrecision>3</dataTypePrecision>
<ownDataTypeParameters>,3,</ownDataTypeParameters>
<autoIncrementCycle>false</autoIncrementCycle>
</Column>
<Column name="e_fname" id="0E3E7573-3140-00A5-4E6B-3858B620C222">
<createdBy>OmaShu</createdBy>
<createdTime>2019-12-12 17:50:18 UTC</createdTime>
<generatorID>1B79B302-A3FA-54C9-B8D5-8F2FC469C421</generatorID>
<ownerDesignName>scm_jc13758322</ownerDesignName>
<useDomainConstraints>false</useDomainConstraints>
<use>1</use>
<logicalDatatype>LOGDT024</logicalDatatype>
<dataTypeSize>30</dataTypeSize>
<ownDataTypeParameters>30,,</ownDataTypeParameters>
<autoIncrementCycle>false</autoIncrementCycle>
</Column>
<Column name="e_lname" id="76D4733F-99C0-3FBF-E15A-317A4B1774B9">
<createdBy>OmaShu</createdBy>
<createdTime>2019-12-12 17:50:18 UTC</createdTime>
<generatorID>D795A4B4-B4F7-182C-7F2A-CA87B956FA07</generatorID>
<ownerDesignName>scm_jc13758322</ownerDesignName>
<useDomainConstraints>false</useDomainConstraints>
<use>1</use>
<logicalDatatype>LOGDT024</logicalDatatype>
<dataTypeSize>30</dataTypeSize>
<ownDataTypeParameters>30,,</ownDataTypeParameters>
<autoIncrementCycle>false</autoIncrementCycle>
</Column>
<Column name="e_email" id="AF248E28-A858-29DC-E992-DDF3B3849C2B">
<createdBy>OmaShu</createdBy>
<createdTime>2019-12-12 17:50:18 UTC</createdTime>
<generatorID>850A1138-C2FF-C4DF-6D91-8CAA27A2BE2E</generatorID>
<ownerDesignName>scm_jc13758322</ownerDesignName>
<useDomainConstraints>false</useDomainConstraints>
<use>1</use>
<logicalDatatype>LOGDT024</logicalDatatype>
<dataTypeSize>50</dataTypeSize>
<ownDataTypeParameters>50,,</ownDataTypeParameters>
<autoIncrementCycle>false</autoIncrementCycle>
</Column>
<Column name="e_phone" id="B40DCA6A-6DA9-5475-E404-3008A3DA29D2">
<createdBy>OmaShu</createdBy>
<createdTime>2019-12-12 17:50:18 UTC</createdTime>
<generatorID>7F30DF36-61D0-292F-EF7B-56776B65019E</generatorID>
<ownerDesignName>scm_jc13758322</ownerDesignName>
<nullsAllowed>true</nullsAllowed>
<useDomainConstraints>false</useDomainConstraints>
<use>1</use>
<logicalDatatype>LOGDT024</logicalDatatype>
<dataTypeSize>20</dataTypeSize>
<ownDataTypeParameters>20,,</ownDataTypeParameters>
<autoIncrementCycle>false</autoIncrementCycle>
</Column>
<Column name="e_street" id="8C23A69C-BDA3-5725-4E03-AD9CFBF45A72">
<createdBy>OmaShu</createdBy>
<createdTime>2019-12-12 17:50:18 UTC</createdTime>
<generatorID>676B80F0-AEE6-E211-8F7B-6D25CAA26AF5</generatorID>
<ownerDesignName>scm_jc13758322</ownerDesignName>
<useDomainConstraints>false</useDomainConstraints>
<use>1</use>
<logicalDatatype>LOGDT024</logicalDatatype>
<dataTypeSize>50</dataTypeSize>
<ownDataTypeParameters>50,,</ownDataTypeParameters>
<autoIncrementCycle>false</autoIncrementCycle>
</Column>
<Column name="e_suburb" id="58071C5D-8657-45C8-8AC3-01336EB6C58B">
<createdBy>OmaShu</createdBy>
<createdTime>2019-12-12 17:50:18 UTC</createdTime>
<generatorID>C6E09382-34EE-0E9A-DCF0-B24DB85F655D</generatorID>
<ownerDesignName>scm_jc13758322</ownerDesignName>
<useDomainConstraints>false</useDomainConstraints>
<use>1</use>
<logicalDatatype>LOGDT024</logicalDatatype>
<dataTypeSize>30</dataTypeSize>
<ownDataTypeParameters>30,,</ownDataTypeParameters>
<autoIncrementCycle>false</autoIncrementCycle>
</Column>
<Column name="e_postcode" id="2B1B4DAB-4080-3D40-F9CF-27F92529308F">
<createdBy>OmaShu</createdBy>
<createdTime>2019-12-12 17:50:18 UTC</createdTime>
<generatorID>5C144CEB-4F45-43D6-2B05-E933EFA16C57</generatorID>
<ownerDesignName>scm_jc13758322</ownerDesignName>
<useDomainConstraints>false</useDomainConstraints>
<use>1</use>
<logicalDatatype>LOGDT024</logicalDatatype>
<dataTypeSize>4</dataTypeSize>
<ownDataTypeParameters>4,,</ownDataTypeParameters>
<autoIncrementCycle>false</autoIncrementCycle>
</Column>
<Column name="e_gender" id="3DA2B8A3-982D-725C-C2DD-11DE034DBC9A">
<createdBy>OmaShu</createdBy>
<createdTime>2019-12-12 17:50:18 UTC</createdTime>
<generatorID>C4DEA7C0-13F4-9DAB-F91A-D98599997E14</generatorID>
<ownerDesignName>scm_jc13758322</ownerDesignName>
<useDomainConstraints>false</useDomainConstraints>
<use>1</use>
<logicalDatatype>LOGDT024</logicalDatatype>
<dataTypeSize>1</dataTypeSize>
<ownDataTypeParameters>1,,</ownDataTypeParameters>
<autoIncrementCycle>false</autoIncrementCycle>
</Column>
<Column name="date_employed" id="C08DB0CB-10B0-CE21-04C7-558CB10D1A44">
<createdBy>OmaShu</createdBy>
<createdTime>2019-12-12 17:50:18 UTC</createdTime>
<generatorID>513458B5-72E3-7BB7-9013-EF4B95166285</generatorID>
<ownerDesignName>scm_jc13758322</ownerDesignName>
<useDomainConstraints>false</useDomainConstraints>
<use>1</use>
<logicalDatatype>LOGDT007</logicalDatatype>
<ownDataTypeParameters>,,</ownDataTypeParameters>
<autoIncrementCycle>false</autoIncrementCycle>
</Column>
</columns>
<indexes itemClass="oracle.dbtools.crest.model.design.relational.Index">
<ind_PK_UK id="8F3FDAEC-1091-28A5-2813-F6438CEF6220" name="Employee_PK">
<createdBy>OmaShu</createdBy>
<createdTime>2019-12-12 17:50:18 UTC</createdTime>
<generatorID>A1E26619-9062-773E-C20A-664913C4B38E</generatorID>
<ownerDesignName>scm_jc13758322</ownerDesignName>
<pk>true</pk>
<indexState>Primary Constraint</indexState>
<isSurrogateKey>false</isSurrogateKey>
<indexColumnUsage>
<colUsage columnID="B7101A75-D8F7-63B1-DB21-33B0F629C34B"/>
</indexColumnUsage>
</ind_PK_UK>
</indexes>
</Table>